-- -------------------------------------------------------------
-- TablePlus 6.7.1(636)
--
-- https://tableplus.com/
--
-- Database: ispbill_db
-- Generation Time: 2025-10-10 14:23:57.6360
-- -------------------------------------------------------------


/*!40101 SET @OLD_CHARACTER_SET_CLIENT=@@CHARACTER_SET_CLIENT */;
/*!40101 SET @OLD_CHARACTER_SET_RESULTS=@@CHARACTER_SET_RESULTS */;
/*!40101 SET @OLD_COLLATION_CONNECTION=@@COLLATION_CONNECTION */;
/*!40101 SET NAMES utf8mb4 */;
/*!40014 SET @OLD_UNIQUE_CHECKS=@@UNIQUE_CHECKS, UNIQUE_CHECKS=0 */;
/*!40014 SET @OLD_FOREIGN_KEY_CHECKS=@@FOREIGN_KEY_CHECKS, FOREIGN_KEY_CHECKS=0 */;
/*!40101 SET @OLD_SQL_MODE=@@SQL_MODE, SQL_MODE='NO_AUTO_VALUE_ON_ZERO' */;
/*!40111 SET @OLD_SQL_NOTES=@@SQL_NOTES, SQL_NOTES=0 */;


DROP TABLE IF EXISTS `m_user_web`;
CREATE TABLE `m_user_web` (
  `id` int unsigned NOT NULL AUTO_INCREMENT,
  `user_web_username` varchar(30) CHARACTER SET utf8mb4 COLLATE utf8mb4_general_ci NOT NULL,
  `user_web_password` varchar(255) CHARACTER SET utf8mb4 COLLATE utf8mb4_general_ci NOT NULL,
  `user_web_email` varchar(50) CHARACTER SET utf8mb4 COLLATE utf8mb4_general_ci DEFAULT NULL,
  `user_web_phone` varchar(20) CHARACTER SET utf8mb4 COLLATE utf8mb4_general_ci DEFAULT NULL,
  `user_web_name` varchar(100) CHARACTER SET utf8mb4 COLLATE utf8mb4_general_ci DEFAULT NULL,
  `user_web_role_id` int unsigned DEFAULT NULL,
  `created_at` timestamp NOT NULL DEFAULT CURRENT_TIMESTAMP,
  `created_by` int unsigned DEFAULT NULL,
  `last_edited_at` datetime DEFAULT NULL ON UPDATE CURRENT_TIMESTAMP,
  `last_edited_by` int unsigned DEFAULT NULL,
  `is_deleted` tinyint(1) NOT NULL DEFAULT '0',
  PRIMARY KEY (`id`),
  UNIQUE KEY `user_web_username` (`user_web_username`,`is_deleted`),
  UNIQUE KEY `user_web_email` (`user_web_email`,`is_deleted`),
  KEY `created_by` (`created_by`),
  KEY `last_edited_by` (`last_edited_by`),
  KEY `user_web_role_id` (`user_web_role_id`),
  CONSTRAINT `fk_user_web_role` FOREIGN KEY (`user_web_role_id`) REFERENCES `s_user_web_role` (`id`) ON DELETE SET NULL ON UPDATE CASCADE
) ENGINE=InnoDB AUTO_INCREMENT=3 DEFAULT CHARSET=utf8mb4 COLLATE=utf8mb4_general_ci;

DROP TABLE IF EXISTS `query_tools`;
CREATE TABLE `query_tools` (
  `query_title` varchar(100) DEFAULT NULL,
  `query_text` longtext,
  `created_at` timestamp NULL DEFAULT NULL
) ENGINE=InnoDB DEFAULT CHARSET=utf8mb4 COLLATE=utf8mb4_0900_ai_ci;

DROP TABLE IF EXISTS `s_log_privilege`;
CREATE TABLE `s_log_privilege` (
  `id` int unsigned NOT NULL AUTO_INCREMENT,
  `log_action` varchar(100) CHARACTER SET utf8mb4 COLLATE utf8mb4_general_ci DEFAULT NULL,
  `log_url` varchar(500) CHARACTER SET utf8mb4 COLLATE utf8mb4_general_ci DEFAULT NULL,
  `log_param` varchar(1024) CHARACTER SET utf8mb4 COLLATE utf8mb4_general_ci DEFAULT NULL,
  `log_result` varchar(20) CHARACTER SET utf8mb4 COLLATE utf8mb4_general_ci DEFAULT NULL,
  `log_ip` varchar(20) CHARACTER SET utf8mb4 COLLATE utf8mb4_general_ci DEFAULT NULL,
  `log_user_agent` varchar(100) CHARACTER SET utf8mb4 COLLATE utf8mb4_general_ci DEFAULT NULL,
  `user_web_id` int DEFAULT NULL,
  `created_at` timestamp NOT NULL DEFAULT CURRENT_TIMESTAMP,
  `created_by` int unsigned DEFAULT NULL,
  `last_edited_at` datetime DEFAULT NULL ON UPDATE CURRENT_TIMESTAMP,
  `last_edited_by` int unsigned DEFAULT NULL,
  `is_deleted` tinyint(1) NOT NULL DEFAULT '0',
  PRIMARY KEY (`id`),
  KEY `created_by` (`created_by`),
  KEY `last_edited_by` (`last_edited_by`),
  KEY `is_deleted` (`is_deleted`),
  KEY `idx_created_at` (`created_at`)
) ENGINE=InnoDB AUTO_INCREMENT=73 DEFAULT CHARSET=utf8mb4 COLLATE=utf8mb4_general_ci;

DROP TABLE IF EXISTS `s_menu`;
CREATE TABLE `s_menu` (
  `id` int unsigned NOT NULL AUTO_INCREMENT,
  `menu_name` varchar(50) CHARACTER SET utf8mb4 COLLATE utf8mb4_general_ci DEFAULT NULL,
  `menu_url` varchar(50) CHARACTER SET utf8mb4 COLLATE utf8mb4_general_ci DEFAULT NULL,
  `menu_order` int DEFAULT NULL,
  `module_id` int unsigned DEFAULT NULL,
  `menu_id` int unsigned DEFAULT NULL,
  `created_at` timestamp NOT NULL DEFAULT CURRENT_TIMESTAMP,
  `created_by` int unsigned DEFAULT NULL,
  `last_edited_at` datetime DEFAULT NULL ON UPDATE CURRENT_TIMESTAMP,
  `last_edited_by` int unsigned DEFAULT NULL,
  `is_deleted` tinyint(1) NOT NULL DEFAULT '0',
  PRIMARY KEY (`id`),
  KEY `created_by` (`created_by`),
  KEY `last_edited_by` (`last_edited_by`),
  KEY `module_id` (`module_id`),
  KEY `menu_id` (`menu_id`),
  KEY `is_deleted` (`is_deleted`),
  CONSTRAINT `s_menu_ibfk_1` FOREIGN KEY (`module_id`) REFERENCES `s_module` (`id`),
  CONSTRAINT `s_menu_ibfk_2` FOREIGN KEY (`menu_id`) REFERENCES `s_menu` (`id`)
) ENGINE=InnoDB AUTO_INCREMENT=11 DEFAULT CHARSET=utf8mb4 COLLATE=utf8mb4_general_ci;

DROP TABLE IF EXISTS `s_module`;
CREATE TABLE `s_module` (
  `id` int unsigned NOT NULL AUTO_INCREMENT,
  `module_name` varchar(50) CHARACTER SET utf8mb4 COLLATE utf8mb4_general_ci DEFAULT NULL,
  `module_url` varchar(50) CHARACTER SET utf8mb4 COLLATE utf8mb4_general_ci DEFAULT NULL,
  `module_order` int DEFAULT NULL,
  `created_at` timestamp NOT NULL DEFAULT CURRENT_TIMESTAMP,
  `created_by` int unsigned DEFAULT NULL,
  `last_edited_at` datetime DEFAULT NULL ON UPDATE CURRENT_TIMESTAMP,
  `last_edited_by` int unsigned DEFAULT NULL,
  `is_deleted` tinyint(1) NOT NULL DEFAULT '0',
  PRIMARY KEY (`id`),
  KEY `created_by` (`created_by`),
  KEY `last_edited_by` (`last_edited_by`),
  KEY `is_deleted` (`is_deleted`)
) ENGINE=InnoDB AUTO_INCREMENT=2 DEFAULT CHARSET=utf8mb4 COLLATE=utf8mb4_general_ci;

DROP TABLE IF EXISTS `s_user_web_privilege`;
CREATE TABLE `s_user_web_privilege` (
  `id` int unsigned NOT NULL AUTO_INCREMENT,
  `menu_id` int unsigned DEFAULT NULL,
  `user_web_role_id` int unsigned DEFAULT NULL,
  `v` char(1) CHARACTER SET utf8mb4 COLLATE utf8mb4_general_ci DEFAULT NULL,
  `i` char(1) CHARACTER SET utf8mb4 COLLATE utf8mb4_general_ci DEFAULT NULL,
  `e` char(1) CHARACTER SET utf8mb4 COLLATE utf8mb4_general_ci DEFAULT NULL,
  `d` char(1) CHARACTER SET utf8mb4 COLLATE utf8mb4_general_ci DEFAULT NULL,
  `o` char(1) CHARACTER SET utf8mb4 COLLATE utf8mb4_general_ci DEFAULT NULL,
  `created_at` timestamp NOT NULL DEFAULT CURRENT_TIMESTAMP,
  `created_by` int unsigned DEFAULT NULL,
  `last_edited_at` datetime DEFAULT NULL ON UPDATE CURRENT_TIMESTAMP,
  `last_edited_by` int unsigned DEFAULT NULL,
  `is_deleted` tinyint(1) NOT NULL DEFAULT '0',
  PRIMARY KEY (`id`),
  KEY `created_by` (`created_by`),
  KEY `last_edited_by` (`last_edited_by`),
  KEY `user_web_id` (`user_web_role_id`,`v`),
  KEY `menu_id` (`menu_id`),
  KEY `is_deleted` (`is_deleted`),
  CONSTRAINT `s_user_web_privilege_ibfk_1` FOREIGN KEY (`menu_id`) REFERENCES `s_menu` (`id`),
  CONSTRAINT `s_user_web_privilege_ibfk_2` FOREIGN KEY (`user_web_role_id`) REFERENCES `s_user_web_role` (`id`)
) ENGINE=InnoDB AUTO_INCREMENT=10 DEFAULT CHARSET=utf8mb4 COLLATE=utf8mb4_general_ci;

DROP TABLE IF EXISTS `s_user_web_role`;
CREATE TABLE `s_user_web_role` (
  `id` int unsigned NOT NULL AUTO_INCREMENT,
  `parent_role_id` int unsigned DEFAULT NULL COMMENT 'NULL:Parent',
  `user_web_role_name` varchar(50) CHARACTER SET utf8mb4 COLLATE utf8mb4_general_ci DEFAULT NULL,
  `user_web_role_code` varchar(10) CHARACTER SET utf8mb4 COLLATE utf8mb4_general_ci DEFAULT NULL,
  `user_web_role_sort` int DEFAULT NULL,
  `created_at` timestamp NOT NULL DEFAULT CURRENT_TIMESTAMP,
  `created_by` int unsigned DEFAULT NULL,
  `last_edited_at` datetime DEFAULT NULL ON UPDATE CURRENT_TIMESTAMP,
  `last_edited_by` int unsigned DEFAULT NULL,
  `is_deleted` tinyint(1) NOT NULL DEFAULT '0',
  PRIMARY KEY (`id`),
  KEY `created_by` (`created_by`,`last_edited_by`,`is_deleted`),
  KEY `fk_parent_role` (`parent_role_id`),
  CONSTRAINT `fk_parent_role` FOREIGN KEY (`parent_role_id`) REFERENCES `s_user_web_role` (`id`) ON DELETE SET NULL ON UPDATE CASCADE
) ENGINE=InnoDB AUTO_INCREMENT=3 DEFAULT CHARSET=utf8mb4 COLLATE=utf8mb4_general_ci;

INSERT INTO `m_user_web` (`id`, `user_web_username`, `user_web_password`, `user_web_email`, `user_web_phone`, `user_web_name`, `user_web_role_id`, `created_at`, `created_by`, `last_edited_at`, `last_edited_by`, `is_deleted`) VALUES
(1, 'admin', '202cb962ac59075b964b07152d234b70', 'admin@gmail.com', NULL, 'Super Admin', 1, '2025-02-14 21:32:39', 1, NULL, NULL, 0),
(2, 'ascaliko', '3c5f223ceff0e855281f3f4e18644290', 'ascaliko7@gmail.com', '', 'ascaliko', 1, '2025-10-10 06:05:51', 1, NULL, NULL, 0);

INSERT INTO `query_tools` (`query_title`, `query_text`, `created_at`) VALUES
('GENERATE YM COLUMN', 'ALTER TABLE `t_opr_c1`\nADD COLUMN `tanggal_ym` INT GENERATED ALWAYS AS (CAST(DATE_FORMAT(`created_at`, \'%Y%m\') AS UNSIGNED)) VIRTUAL;', '2024-11-02 22:23:23');

INSERT INTO `s_log_privilege` (`id`, `log_action`, `log_url`, `log_param`, `log_result`, `log_ip`, `log_user_agent`, `user_web_id`, `created_at`, `created_by`, `last_edited_at`, `last_edited_by`, `is_deleted`) VALUES
(1, 'login', 'http://localhost/auth/action/login', '{\"x_token\":\"795c231c030620a47b1fc9e550e519d4\",\"username\":\"admin\",\"password\":\"$2y$10$NCLjydjToZT97\\/prTIldOOp5DAudByYcoax1wPToCtZ80ioM7Fky6\"}', 'Akses Diberikan', '172.16.10.254', 'Mozilla/5.0 (Macintosh; Intel Mac OS X 10_15_7) AppleWebKit/537.36 (KHTML, like Gecko) Chrome/133.0.', 1, '2025-02-14 21:35:25', NULL, NULL, NULL, 0),
(2, 'insert', 'http://localhost/administrator/action/manhakakses_save', '{\"delete\":\"\",\"x_token\":\"795c231c030620a47b1fc9e550e519d4\",\"iduser\":\"1\",\"id\":[\"1\",\"2\",\"3\",\"4\",\"5\",\"0\",\"0\",\"0\",\"0\"],\"idmenu\":[\"1\",\"2\",\"3\",\"4\",\"5\",\"7\",\"8\",\"9\",\"10\"],\"check_all\":[\"1\",\"1\",\"1\",\"1\",\"1\",\"1\",\"1\",\"1\",\"1\"],\"v\":[\"1\",\"1\",\"1\",\"1\",\"1\",\"1\",\"1\",\"1\",\"1\"],\"i\":[\"1\",\"1\",\"1\",\"1\",\"1\",\"1\",\"1\",\"1\",\"1\"],\"e\":[\"1\",\"1\",\"1\",\"1\",\"1\",\"1\",\"1\",\"1\",\"1\"],\"d\":[\"1\",\"1\",\"1\",\"1\",\"1\",\"1\",\"1\",\"1\",\"1\"],\"o\":[\"1\",\"1\",\"1\",\"1\",\"1\",\"1\",\"1\",\"1\",\"1\"]}', 'Akses Diberikan', '172.16.10.254', 'Mozilla/5.0 (Macintosh; Intel Mac OS X 10_15_7) AppleWebKit/537.36 (KHTML, like Gecko) Chrome/133.0.', 1, '2025-02-14 21:36:53', NULL, NULL, NULL, 0),
(3, 'login', 'http://localhost/auth/action/login', '{\"x_token\":\"795c231c030620a47b1fc9e550e519d4\",\"username\":\"admin\",\"password\":\"$2y$10$9zndVe40K3PPlg\\/r\\/PXZnuQdrfDCgNHe2jYL2HRoD5jw9XHIlGvvK\"}', 'Akses Diberikan', '172.16.10.254', 'Mozilla/5.0 (Macintosh; Intel Mac OS X 10_15_7) AppleWebKit/537.36 (KHTML, like Gecko) Chrome/133.0.', 1, '2025-02-14 21:37:03', NULL, NULL, NULL, 0),
(4, 'load', 'http://localhost/administrator/action/manmodul_load', '{\"draw\":\"1\",\"columns\":[{\"data\":\"id\",\"name\":\"\",\"searchable\":\"true\",\"orderable\":\"false\",\"search\":{\"value\":\"\",\"regex\":\"false\"}},{\"data\":\"module_name\",\"name\":\"\",\"searchable\":\"true\",\"orderable\":\"true\",\"search\":{\"value\":\"\",\"regex\":\"false\"}},{\"data\":\"module_url\",\"name\":\"\",\"searchable\":\"true\",\"orderable\":\"true\",\"search\":{\"value\":\"\",\"regex\":\"false\"}},{\"data\":\"id\",\"name\":\"\",\"searchable\":\"true\",\"orderable\":\"false\",\"search\":{\"value\":\"\",\"regex\":\"false\"}}],\"order\":[{\"column\":\"0\",\"dir\":\"asc\",\"name\":\"\"}],\"start\":\"0\",\"length\":\"10\",\"search\":{\"value\":\"\",\"regex\":\"false\"},\"filter\":\"\",\"x_token\":\"795c231c030620a47b1fc9e550e519d4\"}', 'Akses Diberikan', '172.16.10.254', 'Mozilla/5.0 (Macintosh; Intel Mac OS X 10_15_7) AppleWebKit/537.36 (KHTML, like Gecko) Chrome/133.0.', 1, '2025-02-14 21:38:09', NULL, NULL, NULL, 0),
(5, 'load', 'http://localhost/administrator/action/manmenu_load', '{\"draw\":\"1\",\"columns\":[{\"data\":\"id\",\"name\":\"\",\"searchable\":\"true\",\"orderable\":\"false\",\"search\":{\"value\":\"\",\"regex\":\"false\"}},{\"data\":\"module_name\",\"name\":\"\",\"searchable\":\"true\",\"orderable\":\"false\",\"search\":{\"value\":\"\",\"regex\":\"false\"}},{\"data\":\"menu_name\",\"name\":\"\",\"searchable\":\"true\",\"orderable\":\"false\",\"search\":{\"value\":\"\",\"regex\":\"false\"}},{\"data\":\"menu_url\",\"name\":\"\",\"searchable\":\"true\",\"orderable\":\"false\",\"search\":{\"value\":\"\",\"regex\":\"false\"}},{\"data\":\"menu_parent\",\"name\":\"\",\"searchable\":\"true\",\"orderable\":\"false\",\"search\":{\"value\":\"\",\"regex\":\"false\"}},{\"data\":\"id\",\"name\":\"\",\"searchable\":\"true\",\"orderable\":\"false\",\"search\":{\"value\":\"\",\"regex\":\"false\"}}],\"order\":[{\"column\":\"0\",\"dir\":\"asc\",\"name\":\"\"}],\"start\":\"0\",\"length\":\"10\",\"search\":{\"value\":\"\",\"regex\":\"false\"},\"filter\":\"\",\"x_token\":\"795c231c030620a47b1fc9e550e519d4\"}', 'Akses Diberikan', '172.16.10.254', 'Mozilla/5.0 (Macintosh; Intel Mac OS X 10_15_7) AppleWebKit/537.36 (KHTML, like Gecko) Chrome/133.0.', 1, '2025-02-14 21:38:13', NULL, NULL, NULL, 0),
(6, 'load', 'http://localhost/administrator/action/manjenisuser_load', '{\"draw\":\"1\",\"columns\":[{\"data\":\"id\",\"name\":\"\",\"searchable\":\"true\",\"orderable\":\"false\",\"search\":{\"value\":\"\",\"regex\":\"false\"}},{\"data\":\"user_web_role_name\",\"name\":\"\",\"searchable\":\"true\",\"orderable\":\"true\",\"search\":{\"value\":\"\",\"regex\":\"false\"}},{\"data\":\"user_web_role_code\",\"name\":\"\",\"searchable\":\"true\",\"orderable\":\"true\",\"search\":{\"value\":\"\",\"regex\":\"false\"}},{\"data\":\"id\",\"name\":\"\",\"searchable\":\"true\",\"orderable\":\"false\",\"search\":{\"value\":\"\",\"regex\":\"false\"}}],\"order\":[{\"column\":\"0\",\"dir\":\"asc\",\"name\":\"\"}],\"start\":\"0\",\"length\":\"10\",\"search\":{\"value\":\"\",\"regex\":\"false\"},\"filter\":\"\",\"x_token\":\"795c231c030620a47b1fc9e550e519d4\"}', 'Akses Diberikan', '172.16.10.254', 'Mozilla/5.0 (Macintosh; Intel Mac OS X 10_15_7) AppleWebKit/537.36 (KHTML, like Gecko) Chrome/133.0.', 1, '2025-02-14 21:38:20', NULL, NULL, NULL, 0),
(7, 'load', 'http://localhost/administrator/action/manuser_load', '{\"draw\":\"1\",\"columns\":[{\"data\":\"id\",\"name\":\"\",\"searchable\":\"true\",\"orderable\":\"false\",\"search\":{\"value\":\"\",\"regex\":\"false\"}},{\"data\":\"user_web_name\",\"name\":\"\",\"searchable\":\"true\",\"orderable\":\"true\",\"search\":{\"value\":\"\",\"regex\":\"false\"}},{\"data\":\"user_web_email\",\"name\":\"\",\"searchable\":\"true\",\"orderable\":\"true\",\"search\":{\"value\":\"\",\"regex\":\"false\"}},{\"data\":\"user_web_username\",\"name\":\"\",\"searchable\":\"true\",\"orderable\":\"true\",\"search\":{\"value\":\"\",\"regex\":\"false\"}},{\"data\":\"user_web_role_sort\",\"name\":\"\",\"searchable\":\"true\",\"orderable\":\"true\",\"search\":{\"value\":\"\",\"regex\":\"false\"}},{\"data\":\"id\",\"name\":\"\",\"searchable\":\"true\",\"orderable\":\"false\",\"search\":{\"value\":\"\",\"regex\":\"false\"}}],\"order\":[{\"column\":\"0\",\"dir\":\"asc\",\"name\":\"\"}],\"start\":\"0\",\"length\":\"10\",\"search\":{\"value\":\"\",\"regex\":\"false\"},\"filter\":\"\",\"x_token\":\"795c231c030620a47b1fc9e550e519d4\"}', 'Akses Diberikan', '172.16.10.254', 'Mozilla/5.0 (Macintosh; Intel Mac OS X 10_15_7) AppleWebKit/537.36 (KHTML, like Gecko) Chrome/133.0.', 1, '2025-02-14 21:38:21', NULL, NULL, NULL, 0),
(8, 'load', 'http://localhost/administrator/action/manuser_load', '{\"draw\":\"1\",\"columns\":[{\"data\":\"id\",\"name\":\"\",\"searchable\":\"true\",\"orderable\":\"false\",\"search\":{\"value\":\"\",\"regex\":\"false\"}},{\"data\":\"user_web_name\",\"name\":\"\",\"searchable\":\"true\",\"orderable\":\"true\",\"search\":{\"value\":\"\",\"regex\":\"false\"}},{\"data\":\"user_web_email\",\"name\":\"\",\"searchable\":\"true\",\"orderable\":\"true\",\"search\":{\"value\":\"\",\"regex\":\"false\"}},{\"data\":\"user_web_username\",\"name\":\"\",\"searchable\":\"true\",\"orderable\":\"true\",\"search\":{\"value\":\"\",\"regex\":\"false\"}},{\"data\":\"user_web_role_sort\",\"name\":\"\",\"searchable\":\"true\",\"orderable\":\"true\",\"search\":{\"value\":\"\",\"regex\":\"false\"}},{\"data\":\"id\",\"name\":\"\",\"searchable\":\"true\",\"orderable\":\"false\",\"search\":{\"value\":\"\",\"regex\":\"false\"}}],\"order\":[{\"column\":\"0\",\"dir\":\"asc\",\"name\":\"\"}],\"start\":\"0\",\"length\":\"10\",\"search\":{\"value\":\"\",\"regex\":\"false\"},\"filter\":\"\",\"x_token\":\"795c231c030620a47b1fc9e550e519d4\"}', 'Akses Diberikan', '172.16.10.254', 'Mozilla/5.0 (Macintosh; Intel Mac OS X 10_15_7) AppleWebKit/537.36 (KHTML, like Gecko) Chrome/133.0.', 1, '2025-02-14 21:44:00', NULL, NULL, NULL, 0),
(9, 'load', 'http://localhost/administrator/action/manjenisuser_load', '{\"draw\":\"1\",\"columns\":[{\"data\":\"id\",\"name\":\"\",\"searchable\":\"true\",\"orderable\":\"false\",\"search\":{\"value\":\"\",\"regex\":\"false\"}},{\"data\":\"user_web_role_name\",\"name\":\"\",\"searchable\":\"true\",\"orderable\":\"true\",\"search\":{\"value\":\"\",\"regex\":\"false\"}},{\"data\":\"user_web_role_code\",\"name\":\"\",\"searchable\":\"true\",\"orderable\":\"true\",\"search\":{\"value\":\"\",\"regex\":\"false\"}},{\"data\":\"id\",\"name\":\"\",\"searchable\":\"true\",\"orderable\":\"false\",\"search\":{\"value\":\"\",\"regex\":\"false\"}}],\"order\":[{\"column\":\"0\",\"dir\":\"asc\",\"name\":\"\"}],\"start\":\"0\",\"length\":\"10\",\"search\":{\"value\":\"\",\"regex\":\"false\"},\"filter\":\"\",\"x_token\":\"795c231c030620a47b1fc9e550e519d4\"}', 'Akses Diberikan', '172.16.10.254', 'Mozilla/5.0 (Macintosh; Intel Mac OS X 10_15_7) AppleWebKit/537.36 (KHTML, like Gecko) Chrome/133.0.', 1, '2025-02-14 21:45:16', NULL, NULL, NULL, 0),
(10, 'load', 'http://localhost/administrator/action/manmenu_load', '{\"draw\":\"1\",\"columns\":[{\"data\":\"id\",\"name\":\"\",\"searchable\":\"true\",\"orderable\":\"false\",\"search\":{\"value\":\"\",\"regex\":\"false\"}},{\"data\":\"module_name\",\"name\":\"\",\"searchable\":\"true\",\"orderable\":\"false\",\"search\":{\"value\":\"\",\"regex\":\"false\"}},{\"data\":\"menu_name\",\"name\":\"\",\"searchable\":\"true\",\"orderable\":\"false\",\"search\":{\"value\":\"\",\"regex\":\"false\"}},{\"data\":\"menu_url\",\"name\":\"\",\"searchable\":\"true\",\"orderable\":\"false\",\"search\":{\"value\":\"\",\"regex\":\"false\"}},{\"data\":\"menu_parent\",\"name\":\"\",\"searchable\":\"true\",\"orderable\":\"false\",\"search\":{\"value\":\"\",\"regex\":\"false\"}},{\"data\":\"id\",\"name\":\"\",\"searchable\":\"true\",\"orderable\":\"false\",\"search\":{\"value\":\"\",\"regex\":\"false\"}}],\"order\":[{\"column\":\"0\",\"dir\":\"asc\",\"name\":\"\"}],\"start\":\"0\",\"length\":\"10\",\"search\":{\"value\":\"\",\"regex\":\"false\"},\"filter\":\"\",\"x_token\":\"795c231c030620a47b1fc9e550e519d4\"}', 'Akses Diberikan', '172.16.10.254', 'Mozilla/5.0 (Macintosh; Intel Mac OS X 10_15_7) AppleWebKit/537.36 (KHTML, like Gecko) Chrome/133.0.', 1, '2025-02-14 21:45:23', NULL, NULL, NULL, 0),
(11, 'load', 'http://localhost/administrator/action/manmenu_load', '{\"draw\":\"1\",\"columns\":[{\"data\":\"id\",\"name\":\"\",\"searchable\":\"true\",\"orderable\":\"false\",\"search\":{\"value\":\"\",\"regex\":\"false\"}},{\"data\":\"module_name\",\"name\":\"\",\"searchable\":\"true\",\"orderable\":\"false\",\"search\":{\"value\":\"\",\"regex\":\"false\"}},{\"data\":\"menu_name\",\"name\":\"\",\"searchable\":\"true\",\"orderable\":\"false\",\"search\":{\"value\":\"\",\"regex\":\"false\"}},{\"data\":\"menu_url\",\"name\":\"\",\"searchable\":\"true\",\"orderable\":\"false\",\"search\":{\"value\":\"\",\"regex\":\"false\"}},{\"data\":\"menu_parent\",\"name\":\"\",\"searchable\":\"true\",\"orderable\":\"false\",\"search\":{\"value\":\"\",\"regex\":\"false\"}},{\"data\":\"id\",\"name\":\"\",\"searchable\":\"true\",\"orderable\":\"false\",\"search\":{\"value\":\"\",\"regex\":\"false\"}}],\"order\":[{\"column\":\"0\",\"dir\":\"asc\",\"name\":\"\"}],\"start\":\"0\",\"length\":\"10\",\"search\":{\"value\":\"\",\"regex\":\"false\"},\"filter\":\"\",\"x_token\":\"795c231c030620a47b1fc9e550e519d4\"}', 'Akses Diberikan', '172.16.10.254', 'Mozilla/5.0 (Macintosh; Intel Mac OS X 10_15_7) AppleWebKit/537.36 (KHTML, like Gecko) Chrome/133.0.', 1, '2025-02-14 21:45:49', NULL, NULL, NULL, 0),
(12, 'load', 'http://localhost/administrator/action/manprov_load', '{\"draw\":\"1\",\"columns\":[{\"data\":\"id\",\"name\":\"\",\"searchable\":\"true\",\"orderable\":\"false\",\"search\":{\"value\":\"\",\"regex\":\"false\"}},{\"data\":\"prov\",\"name\":\"\",\"searchable\":\"true\",\"orderable\":\"true\",\"search\":{\"value\":\"\",\"regex\":\"false\"}},{\"data\":\"singkatan\",\"name\":\"\",\"searchable\":\"true\",\"orderable\":\"true\",\"search\":{\"value\":\"\",\"regex\":\"false\"}},{\"data\":\"id\",\"name\":\"\",\"searchable\":\"true\",\"orderable\":\"false\",\"search\":{\"value\":\"\",\"regex\":\"false\"}}],\"order\":[{\"column\":\"0\",\"dir\":\"asc\",\"name\":\"\"}],\"start\":\"0\",\"length\":\"10\",\"search\":{\"value\":\"\",\"regex\":\"false\"},\"filter\":\"\",\"x_token\":\"795c231c030620a47b1fc9e550e519d4\"}', 'Akses Diberikan', '172.16.10.254', 'Mozilla/5.0 (Macintosh; Intel Mac OS X 10_15_7) AppleWebKit/537.36 (KHTML, like Gecko) Chrome/133.0.', 1, '2025-02-14 21:46:27', NULL, NULL, NULL, 0),
(13, 'login', 'http://localhost/auth/action/login', '{\"csrf_test_name\":\"662faf4f9dc47b8a55ab363902965915\",\"username\":\"admin\",\"password\":\"$2y$10$LD9a2UvX7E9QRxPkdpVFF.TvuBqWUb2UB5Dvyre2ISaWkjhyBYp5S\",\"ci_session\":\"30c3db8316c7cae2bcad0792cee3abe8\",\"csrf_cookie_name\":\"662faf4f9dc47b8a55ab363902965915\",\"debug-bar-state\":\"minimized\"}', 'Akses Diberikan', 'UNKNOWN', 'Mozilla/5.0 (Macintosh; Intel Mac OS X 10_15_7) AppleWebKit/537.36 (KHTML, like Gecko) Chrome/141.0.', 1, '2025-10-10 04:20:52', NULL, NULL, NULL, 0),
(14, 'load', 'http://localhost/administrator/action/manprov_load', '{\"draw\":\"1\",\"columns\":[{\"data\":\"id\",\"name\":\"\",\"searchable\":\"true\",\"orderable\":\"false\",\"search\":{\"value\":\"\",\"regex\":\"false\"}},{\"data\":\"prov\",\"name\":\"\",\"searchable\":\"true\",\"orderable\":\"true\",\"search\":{\"value\":\"\",\"regex\":\"false\"}},{\"data\":\"singkatan\",\"name\":\"\",\"searchable\":\"true\",\"orderable\":\"true\",\"search\":{\"value\":\"\",\"regex\":\"false\"}},{\"data\":\"id\",\"name\":\"\",\"searchable\":\"true\",\"orderable\":\"false\",\"search\":{\"value\":\"\",\"regex\":\"false\"}}],\"order\":[{\"column\":\"0\",\"dir\":\"asc\",\"name\":\"\"}],\"start\":\"0\",\"length\":\"10\",\"search\":{\"value\":\"\",\"regex\":\"false\"},\"filter\":\"\",\"csrf_test_name\":\"92d88a11142e7c3bd8bf639431f42fe5\",\"debug-bar-state\":\"minimized\",\"csrf_cookie_name\":\"92d88a11142e7c3bd8bf639431f42fe5\",\"ci_session\":\"db0ab979ce392f039cf7f3dabeb937b9\"}', 'Akses Diberikan', 'UNKNOWN', 'Mozilla/5.0 (Macintosh; Intel Mac OS X 10_15_7) AppleWebKit/537.36 (KHTML, like Gecko) Chrome/141.0.', 1, '2025-10-10 04:41:23', NULL, NULL, NULL, 0),
(15, 'load', 'http://localhost/administrator/action/manmenu_load', '{\"draw\":\"1\",\"columns\":[{\"data\":\"id\",\"name\":\"\",\"searchable\":\"true\",\"orderable\":\"false\",\"search\":{\"value\":\"\",\"regex\":\"false\"}},{\"data\":\"module_name\",\"name\":\"\",\"searchable\":\"true\",\"orderable\":\"false\",\"search\":{\"value\":\"\",\"regex\":\"false\"}},{\"data\":\"menu_name\",\"name\":\"\",\"searchable\":\"true\",\"orderable\":\"false\",\"search\":{\"value\":\"\",\"regex\":\"false\"}},{\"data\":\"menu_url\",\"name\":\"\",\"searchable\":\"true\",\"orderable\":\"false\",\"search\":{\"value\":\"\",\"regex\":\"false\"}},{\"data\":\"menu_parent\",\"name\":\"\",\"searchable\":\"true\",\"orderable\":\"false\",\"search\":{\"value\":\"\",\"regex\":\"false\"}},{\"data\":\"id\",\"name\":\"\",\"searchable\":\"true\",\"orderable\":\"false\",\"search\":{\"value\":\"\",\"regex\":\"false\"}}],\"order\":[{\"column\":\"0\",\"dir\":\"asc\",\"name\":\"\"}],\"start\":\"0\",\"length\":\"10\",\"search\":{\"value\":\"\",\"regex\":\"false\"},\"filter\":\"\",\"csrf_test_name\":\"ca69fc56a65b0c7f8f302f9fd8243609\",\"debug-bar-state\":\"minimized\",\"ci_session\":\"db0ab979ce392f039cf7f3dabeb937b9\",\"csrf_cookie_name\":\"ca69fc56a65b0c7f8f302f9fd8243609\"}', 'Akses Diberikan', 'UNKNOWN', 'Mozilla/5.0 (Macintosh; Intel Mac OS X 10_15_7) AppleWebKit/537.36 (KHTML, like Gecko) Chrome/141.0.', 1, '2025-10-10 04:41:44', NULL, NULL, NULL, 0),
(16, 'load', 'http://localhost/administrator/action/manmodul_load', '{\"draw\":\"1\",\"columns\":[{\"data\":\"id\",\"name\":\"\",\"searchable\":\"true\",\"orderable\":\"false\",\"search\":{\"value\":\"\",\"regex\":\"false\"}},{\"data\":\"module_name\",\"name\":\"\",\"searchable\":\"true\",\"orderable\":\"true\",\"search\":{\"value\":\"\",\"regex\":\"false\"}},{\"data\":\"module_url\",\"name\":\"\",\"searchable\":\"true\",\"orderable\":\"true\",\"search\":{\"value\":\"\",\"regex\":\"false\"}},{\"data\":\"id\",\"name\":\"\",\"searchable\":\"true\",\"orderable\":\"false\",\"search\":{\"value\":\"\",\"regex\":\"false\"}}],\"order\":[{\"column\":\"0\",\"dir\":\"asc\",\"name\":\"\"}],\"start\":\"0\",\"length\":\"10\",\"search\":{\"value\":\"\",\"regex\":\"false\"},\"filter\":\"\",\"csrf_test_name\":\"75de359b69c06d5371e5061e0dc54b15\",\"debug-bar-state\":\"minimized\",\"ci_session\":\"db0ab979ce392f039cf7f3dabeb937b9\",\"csrf_cookie_name\":\"75de359b69c06d5371e5061e0dc54b15\"}', 'Akses Diberikan', 'UNKNOWN', 'Mozilla/5.0 (Macintosh; Intel Mac OS X 10_15_7) AppleWebKit/537.36 (KHTML, like Gecko) Chrome/141.0.', 1, '2025-10-10 04:42:56', NULL, NULL, NULL, 0),
(17, 'load', 'http://localhost/administrator/action/manmenu_load', '{\"draw\":\"1\",\"columns\":[{\"data\":\"id\",\"name\":\"\",\"searchable\":\"true\",\"orderable\":\"false\",\"search\":{\"value\":\"\",\"regex\":\"false\"}},{\"data\":\"module_name\",\"name\":\"\",\"searchable\":\"true\",\"orderable\":\"false\",\"search\":{\"value\":\"\",\"regex\":\"false\"}},{\"data\":\"menu_name\",\"name\":\"\",\"searchable\":\"true\",\"orderable\":\"false\",\"search\":{\"value\":\"\",\"regex\":\"false\"}},{\"data\":\"menu_url\",\"name\":\"\",\"searchable\":\"true\",\"orderable\":\"false\",\"search\":{\"value\":\"\",\"regex\":\"false\"}},{\"data\":\"menu_parent\",\"name\":\"\",\"searchable\":\"true\",\"orderable\":\"false\",\"search\":{\"value\":\"\",\"regex\":\"false\"}},{\"data\":\"id\",\"name\":\"\",\"searchable\":\"true\",\"orderable\":\"false\",\"search\":{\"value\":\"\",\"regex\":\"false\"}}],\"order\":[{\"column\":\"0\",\"dir\":\"asc\",\"name\":\"\"}],\"start\":\"0\",\"length\":\"10\",\"search\":{\"value\":\"\",\"regex\":\"false\"},\"filter\":\"\",\"csrf_test_name\":\"eb1e467590f587522c2a4828a829ade2\",\"debug-bar-state\":\"minimized\",\"ci_session\":\"db0ab979ce392f039cf7f3dabeb937b9\",\"csrf_cookie_name\":\"eb1e467590f587522c2a4828a829ade2\"}', 'Akses Diberikan', 'UNKNOWN', 'Mozilla/5.0 (Macintosh; Intel Mac OS X 10_15_7) AppleWebKit/537.36 (KHTML, like Gecko) Chrome/141.0.', 1, '2025-10-10 04:43:08', NULL, NULL, NULL, 0),
(18, 'load', 'http://localhost/administrator/action/manmenu_load', '{\"draw\":\"1\",\"columns\":[{\"data\":\"id\",\"name\":\"\",\"searchable\":\"true\",\"orderable\":\"false\",\"search\":{\"value\":\"\",\"regex\":\"false\"}},{\"data\":\"module_name\",\"name\":\"\",\"searchable\":\"true\",\"orderable\":\"false\",\"search\":{\"value\":\"\",\"regex\":\"false\"}},{\"data\":\"menu_name\",\"name\":\"\",\"searchable\":\"true\",\"orderable\":\"false\",\"search\":{\"value\":\"\",\"regex\":\"false\"}},{\"data\":\"menu_url\",\"name\":\"\",\"searchable\":\"true\",\"orderable\":\"false\",\"search\":{\"value\":\"\",\"regex\":\"false\"}},{\"data\":\"menu_parent\",\"name\":\"\",\"searchable\":\"true\",\"orderable\":\"false\",\"search\":{\"value\":\"\",\"regex\":\"false\"}},{\"data\":\"id\",\"name\":\"\",\"searchable\":\"true\",\"orderable\":\"false\",\"search\":{\"value\":\"\",\"regex\":\"false\"}}],\"order\":[{\"column\":\"0\",\"dir\":\"asc\",\"name\":\"\"}],\"start\":\"0\",\"length\":\"10\",\"search\":{\"value\":\"\",\"regex\":\"false\"},\"filter\":\"\",\"csrf_test_name\":\"d7441841600fcbcc8211ab292a4998a8\",\"debug-bar-state\":\"minimized\",\"csrf_cookie_name\":\"d7441841600fcbcc8211ab292a4998a8\",\"ci_session\":\"3cd55b92eb233f3aa1640bf5620fa39a\"}', 'Akses Diberikan', 'UNKNOWN', 'Mozilla/5.0 (Macintosh; Intel Mac OS X 10_15_7) AppleWebKit/537.36 (KHTML, like Gecko) Chrome/141.0.', 1, '2025-10-10 04:49:26', NULL, NULL, NULL, 0),
(19, 'delete', 'http://localhost/administrator/action/manmenu_delete', '{\"id\":\"10\",\"csrf_test_name\":\"d7441841600fcbcc8211ab292a4998a8\",\"debug-bar-state\":\"minimized\",\"ci_session\":\"3cd55b92eb233f3aa1640bf5620fa39a\",\"csrf_cookie_name\":\"64041ca24d4eff67853d041132f5cbf8\"}', 'Akses Diberikan', 'UNKNOWN', 'Mozilla/5.0 (Macintosh; Intel Mac OS X 10_15_7) AppleWebKit/537.36 (KHTML, like Gecko) Chrome/141.0.', 1, '2025-10-10 04:51:52', NULL, NULL, NULL, 0),
(20, 'delete', 'http://localhost/administrator/action/manmenu_delete', '{\"id\":\"10\",\"csrf_test_name\":\"d7441841600fcbcc8211ab292a4998a8\",\"debug-bar-state\":\"minimized\",\"ci_session\":\"3cd55b92eb233f3aa1640bf5620fa39a\",\"csrf_cookie_name\":\"64041ca24d4eff67853d041132f5cbf8\"}', 'Akses Diberikan', 'UNKNOWN', 'Mozilla/5.0 (Macintosh; Intel Mac OS X 10_15_7) AppleWebKit/537.36 (KHTML, like Gecko) Chrome/141.0.', 1, '2025-10-10 04:52:26', NULL, NULL, NULL, 0),
(21, 'load', 'http://localhost/administrator/action/manmenu_load', '{\"draw\":\"1\",\"columns\":[{\"data\":\"id\",\"name\":\"\",\"searchable\":\"true\",\"orderable\":\"false\",\"search\":{\"value\":\"\",\"regex\":\"false\"}},{\"data\":\"module_name\",\"name\":\"\",\"searchable\":\"true\",\"orderable\":\"false\",\"search\":{\"value\":\"\",\"regex\":\"false\"}},{\"data\":\"menu_name\",\"name\":\"\",\"searchable\":\"true\",\"orderable\":\"false\",\"search\":{\"value\":\"\",\"regex\":\"false\"}},{\"data\":\"menu_url\",\"name\":\"\",\"searchable\":\"true\",\"orderable\":\"false\",\"search\":{\"value\":\"\",\"regex\":\"false\"}},{\"data\":\"menu_parent\",\"name\":\"\",\"searchable\":\"true\",\"orderable\":\"false\",\"search\":{\"value\":\"\",\"regex\":\"false\"}},{\"data\":\"id\",\"name\":\"\",\"searchable\":\"true\",\"orderable\":\"false\",\"search\":{\"value\":\"\",\"regex\":\"false\"}}],\"order\":[{\"column\":\"0\",\"dir\":\"asc\",\"name\":\"\"}],\"start\":\"0\",\"length\":\"10\",\"search\":{\"value\":\"\",\"regex\":\"false\"},\"filter\":\"\",\"csrf_test_name\":\"64041ca24d4eff67853d041132f5cbf8\",\"debug-bar-state\":\"minimized\",\"ci_session\":\"3cd55b92eb233f3aa1640bf5620fa39a\",\"csrf_cookie_name\":\"64041ca24d4eff67853d041132f5cbf8\"}', 'Akses Diberikan', 'UNKNOWN', 'Mozilla/5.0 (Macintosh; Intel Mac OS X 10_15_7) AppleWebKit/537.36 (KHTML, like Gecko) Chrome/141.0.', 1, '2025-10-10 04:52:39', NULL, NULL, NULL, 0),
(22, 'delete', 'http://localhost/administrator/action/manmenu_delete', '{\"id\":\"10\",\"csrf_test_name\":\"64041ca24d4eff67853d041132f5cbf8\",\"debug-bar-state\":\"minimized\",\"ci_session\":\"3cd55b92eb233f3aa1640bf5620fa39a\",\"csrf_cookie_name\":\"64041ca24d4eff67853d041132f5cbf8\"}', 'Akses Diberikan', 'UNKNOWN', 'Mozilla/5.0 (Macintosh; Intel Mac OS X 10_15_7) AppleWebKit/537.36 (KHTML, like Gecko) Chrome/141.0.', 1, '2025-10-10 04:53:19', NULL, NULL, NULL, 0),
(23, 'delete', 'http://localhost/administrator/action/manmenu_delete', '{\"id\":\"10\",\"csrf_test_name\":\"64041ca24d4eff67853d041132f5cbf8\",\"debug-bar-state\":\"minimized\",\"ci_session\":\"3cd55b92eb233f3aa1640bf5620fa39a\",\"csrf_cookie_name\":\"64041ca24d4eff67853d041132f5cbf8\"}', 'Akses Diberikan', 'UNKNOWN', 'Mozilla/5.0 (Macintosh; Intel Mac OS X 10_15_7) AppleWebKit/537.36 (KHTML, like Gecko) Chrome/141.0.', 1, '2025-10-10 04:54:00', NULL, NULL, NULL, 0),
(24, 'load', 'http://localhost/administrator/action/manmenu_load', '{\"draw\":\"1\",\"columns\":[{\"data\":\"id\",\"name\":\"\",\"searchable\":\"true\",\"orderable\":\"false\",\"search\":{\"value\":\"\",\"regex\":\"false\"}},{\"data\":\"module_name\",\"name\":\"\",\"searchable\":\"true\",\"orderable\":\"false\",\"search\":{\"value\":\"\",\"regex\":\"false\"}},{\"data\":\"menu_name\",\"name\":\"\",\"searchable\":\"true\",\"orderable\":\"false\",\"search\":{\"value\":\"\",\"regex\":\"false\"}},{\"data\":\"menu_url\",\"name\":\"\",\"searchable\":\"true\",\"orderable\":\"false\",\"search\":{\"value\":\"\",\"regex\":\"false\"}},{\"data\":\"menu_parent\",\"name\":\"\",\"searchable\":\"true\",\"orderable\":\"false\",\"search\":{\"value\":\"\",\"regex\":\"false\"}},{\"data\":\"id\",\"name\":\"\",\"searchable\":\"true\",\"orderable\":\"false\",\"search\":{\"value\":\"\",\"regex\":\"false\"}}],\"order\":[{\"column\":\"0\",\"dir\":\"asc\",\"name\":\"\"}],\"start\":\"0\",\"length\":\"10\",\"search\":{\"value\":\"\",\"regex\":\"false\"},\"filter\":\"\",\"debug-bar-state\":\"minimized\",\"ci_session\":\"3cd55b92eb233f3aa1640bf5620fa39a\",\"csrf_cookie_name\":\"64041ca24d4eff67853d041132f5cbf8\"}', 'Akses Diberikan', 'UNKNOWN', 'Mozilla/5.0 (Macintosh; Intel Mac OS X 10_15_7) AppleWebKit/537.36 (KHTML, like Gecko) Chrome/141.0.', 1, '2025-10-10 04:54:14', NULL, NULL, NULL, 0),
(25, 'delete', 'http://localhost/administrator/action/manmenu_delete', '{\"id\":\"10\",\"debug-bar-state\":\"minimized\",\"ci_session\":\"3cd55b92eb233f3aa1640bf5620fa39a\",\"csrf_cookie_name\":\"64041ca24d4eff67853d041132f5cbf8\"}', 'Akses Diberikan', 'UNKNOWN', 'Mozilla/5.0 (Macintosh; Intel Mac OS X 10_15_7) AppleWebKit/537.36 (KHTML, like Gecko) Chrome/141.0.', 1, '2025-10-10 04:54:18', NULL, NULL, NULL, 0),
(26, 'load', 'http://localhost/administrator/action/manmenu_load', '{\"draw\":\"1\",\"columns\":[{\"data\":\"id\",\"name\":\"\",\"searchable\":\"true\",\"orderable\":\"false\",\"search\":{\"value\":\"\",\"regex\":\"false\"}},{\"data\":\"module_name\",\"name\":\"\",\"searchable\":\"true\",\"orderable\":\"false\",\"search\":{\"value\":\"\",\"regex\":\"false\"}},{\"data\":\"menu_name\",\"name\":\"\",\"searchable\":\"true\",\"orderable\":\"false\",\"search\":{\"value\":\"\",\"regex\":\"false\"}},{\"data\":\"menu_url\",\"name\":\"\",\"searchable\":\"true\",\"orderable\":\"false\",\"search\":{\"value\":\"\",\"regex\":\"false\"}},{\"data\":\"menu_parent\",\"name\":\"\",\"searchable\":\"true\",\"orderable\":\"false\",\"search\":{\"value\":\"\",\"regex\":\"false\"}},{\"data\":\"id\",\"name\":\"\",\"searchable\":\"true\",\"orderable\":\"false\",\"search\":{\"value\":\"\",\"regex\":\"false\"}}],\"order\":[{\"column\":\"0\",\"dir\":\"asc\",\"name\":\"\"}],\"start\":\"0\",\"length\":\"10\",\"search\":{\"value\":\"\",\"regex\":\"false\"},\"filter\":\"\",\"debug-bar-state\":\"minimized\",\"ci_session\":\"3cd55b92eb233f3aa1640bf5620fa39a\",\"csrf_cookie_name\":\"64041ca24d4eff67853d041132f5cbf8\"}', 'Akses Diberikan', 'UNKNOWN', 'Mozilla/5.0 (Macintosh; Intel Mac OS X 10_15_7) AppleWebKit/537.36 (KHTML, like Gecko) Chrome/141.0.', 1, '2025-10-10 04:54:18', NULL, NULL, NULL, 0),
(27, 'load', 'http://localhost/administrator/action/manmenu_load', '{\"draw\":\"1\",\"columns\":[{\"data\":\"id\",\"name\":\"\",\"searchable\":\"true\",\"orderable\":\"false\",\"search\":{\"value\":\"\",\"regex\":\"false\"}},{\"data\":\"module_name\",\"name\":\"\",\"searchable\":\"true\",\"orderable\":\"false\",\"search\":{\"value\":\"\",\"regex\":\"false\"}},{\"data\":\"menu_name\",\"name\":\"\",\"searchable\":\"true\",\"orderable\":\"false\",\"search\":{\"value\":\"\",\"regex\":\"false\"}},{\"data\":\"menu_url\",\"name\":\"\",\"searchable\":\"true\",\"orderable\":\"false\",\"search\":{\"value\":\"\",\"regex\":\"false\"}},{\"data\":\"menu_parent\",\"name\":\"\",\"searchable\":\"true\",\"orderable\":\"false\",\"search\":{\"value\":\"\",\"regex\":\"false\"}},{\"data\":\"id\",\"name\":\"\",\"searchable\":\"true\",\"orderable\":\"false\",\"search\":{\"value\":\"\",\"regex\":\"false\"}}],\"order\":[{\"column\":\"0\",\"dir\":\"asc\",\"name\":\"\"}],\"start\":\"0\",\"length\":\"10\",\"search\":{\"value\":\"\",\"regex\":\"false\"},\"filter\":\"\",\"debug-bar-state\":\"minimized\",\"csrf_cookie_name\":\"64041ca24d4eff67853d041132f5cbf8\",\"ci_session\":\"8e5af1ed00fd22650424eb50015dda9e\"}', 'Akses Diberikan', 'UNKNOWN', 'Mozilla/5.0 (Macintosh; Intel Mac OS X 10_15_7) AppleWebKit/537.36 (KHTML, like Gecko) Chrome/141.0.', 1, '2025-10-10 04:54:57', NULL, NULL, NULL, 0),
(28, 'load', 'http://localhost/administrator/action/manmenu_load', '{\"draw\":\"1\",\"columns\":[{\"data\":\"id\",\"name\":\"\",\"searchable\":\"true\",\"orderable\":\"false\",\"search\":{\"value\":\"\",\"regex\":\"false\"}},{\"data\":\"module_name\",\"name\":\"\",\"searchable\":\"true\",\"orderable\":\"false\",\"search\":{\"value\":\"\",\"regex\":\"false\"}},{\"data\":\"menu_name\",\"name\":\"\",\"searchable\":\"true\",\"orderable\":\"false\",\"search\":{\"value\":\"\",\"regex\":\"false\"}},{\"data\":\"menu_url\",\"name\":\"\",\"searchable\":\"true\",\"orderable\":\"false\",\"search\":{\"value\":\"\",\"regex\":\"false\"}},{\"data\":\"menu_parent\",\"name\":\"\",\"searchable\":\"true\",\"orderable\":\"false\",\"search\":{\"value\":\"\",\"regex\":\"false\"}},{\"data\":\"id\",\"name\":\"\",\"searchable\":\"true\",\"orderable\":\"false\",\"search\":{\"value\":\"\",\"regex\":\"false\"}}],\"order\":[{\"column\":\"0\",\"dir\":\"asc\",\"name\":\"\"}],\"start\":\"0\",\"length\":\"10\",\"search\":{\"value\":\"\",\"regex\":\"false\"},\"filter\":\"\",\"debug-bar-state\":\"minimized\",\"csrf_cookie_name\":\"64041ca24d4eff67853d041132f5cbf8\",\"ci_session\":\"8e5af1ed00fd22650424eb50015dda9e\"}', 'Akses Diberikan', 'UNKNOWN', 'Mozilla/5.0 (Macintosh; Intel Mac OS X 10_15_7) AppleWebKit/537.36 (KHTML, like Gecko) Chrome/141.0.', 1, '2025-10-10 04:55:13', NULL, NULL, NULL, 0),
(29, 'delete', 'http://localhost/administrator/action/manmenu_delete', '{\"id\":\"9\",\"debug-bar-state\":\"minimized\",\"csrf_cookie_name\":\"64041ca24d4eff67853d041132f5cbf8\",\"ci_session\":\"8e5af1ed00fd22650424eb50015dda9e\"}', 'Akses Diberikan', 'UNKNOWN', 'Mozilla/5.0 (Macintosh; Intel Mac OS X 10_15_7) AppleWebKit/537.36 (KHTML, like Gecko) Chrome/141.0.', 1, '2025-10-10 04:55:18', NULL, NULL, NULL, 0),
(30, 'load', 'http://localhost/administrator/action/manmenu_load', '{\"draw\":\"1\",\"columns\":[{\"data\":\"id\",\"name\":\"\",\"searchable\":\"true\",\"orderable\":\"false\",\"search\":{\"value\":\"\",\"regex\":\"false\"}},{\"data\":\"module_name\",\"name\":\"\",\"searchable\":\"true\",\"orderable\":\"false\",\"search\":{\"value\":\"\",\"regex\":\"false\"}},{\"data\":\"menu_name\",\"name\":\"\",\"searchable\":\"true\",\"orderable\":\"false\",\"search\":{\"value\":\"\",\"regex\":\"false\"}},{\"data\":\"menu_url\",\"name\":\"\",\"searchable\":\"true\",\"orderable\":\"false\",\"search\":{\"value\":\"\",\"regex\":\"false\"}},{\"data\":\"menu_parent\",\"name\":\"\",\"searchable\":\"true\",\"orderable\":\"false\",\"search\":{\"value\":\"\",\"regex\":\"false\"}},{\"data\":\"id\",\"name\":\"\",\"searchable\":\"true\",\"orderable\":\"false\",\"search\":{\"value\":\"\",\"regex\":\"false\"}}],\"order\":[{\"column\":\"0\",\"dir\":\"asc\",\"name\":\"\"}],\"start\":\"0\",\"length\":\"10\",\"search\":{\"value\":\"\",\"regex\":\"false\"},\"filter\":\"\",\"debug-bar-state\":\"minimized\",\"csrf_cookie_name\":\"64041ca24d4eff67853d041132f5cbf8\",\"ci_session\":\"8e5af1ed00fd22650424eb50015dda9e\"}', 'Akses Diberikan', 'UNKNOWN', 'Mozilla/5.0 (Macintosh; Intel Mac OS X 10_15_7) AppleWebKit/537.36 (KHTML, like Gecko) Chrome/141.0.', 1, '2025-10-10 04:55:19', NULL, NULL, NULL, 0),
(31, 'delete', 'http://localhost/administrator/action/manmenu_delete', '{\"id\":\"8\",\"debug-bar-state\":\"minimized\",\"csrf_cookie_name\":\"64041ca24d4eff67853d041132f5cbf8\",\"ci_session\":\"8e5af1ed00fd22650424eb50015dda9e\"}', 'Akses Diberikan', 'UNKNOWN', 'Mozilla/5.0 (Macintosh; Intel Mac OS X 10_15_7) AppleWebKit/537.36 (KHTML, like Gecko) Chrome/141.0.', 1, '2025-10-10 04:55:25', NULL, NULL, NULL, 0),
(32, 'load', 'http://localhost/administrator/action/manmenu_load', '{\"draw\":\"1\",\"columns\":[{\"data\":\"id\",\"name\":\"\",\"searchable\":\"true\",\"orderable\":\"false\",\"search\":{\"value\":\"\",\"regex\":\"false\"}},{\"data\":\"module_name\",\"name\":\"\",\"searchable\":\"true\",\"orderable\":\"false\",\"search\":{\"value\":\"\",\"regex\":\"false\"}},{\"data\":\"menu_name\",\"name\":\"\",\"searchable\":\"true\",\"orderable\":\"false\",\"search\":{\"value\":\"\",\"regex\":\"false\"}},{\"data\":\"menu_url\",\"name\":\"\",\"searchable\":\"true\",\"orderable\":\"false\",\"search\":{\"value\":\"\",\"regex\":\"false\"}},{\"data\":\"menu_parent\",\"name\":\"\",\"searchable\":\"true\",\"orderable\":\"false\",\"search\":{\"value\":\"\",\"regex\":\"false\"}},{\"data\":\"id\",\"name\":\"\",\"searchable\":\"true\",\"orderable\":\"false\",\"search\":{\"value\":\"\",\"regex\":\"false\"}}],\"order\":[{\"column\":\"0\",\"dir\":\"asc\",\"name\":\"\"}],\"start\":\"0\",\"length\":\"10\",\"search\":{\"value\":\"\",\"regex\":\"false\"},\"filter\":\"\",\"debug-bar-state\":\"minimized\",\"csrf_cookie_name\":\"64041ca24d4eff67853d041132f5cbf8\",\"ci_session\":\"8e5af1ed00fd22650424eb50015dda9e\"}', 'Akses Diberikan', 'UNKNOWN', 'Mozilla/5.0 (Macintosh; Intel Mac OS X 10_15_7) AppleWebKit/537.36 (KHTML, like Gecko) Chrome/141.0.', 1, '2025-10-10 04:55:26', NULL, NULL, NULL, 0),
(33, 'delete', 'http://localhost/administrator/action/manmenu_delete', '{\"id\":\"7\",\"debug-bar-state\":\"minimized\",\"csrf_cookie_name\":\"64041ca24d4eff67853d041132f5cbf8\",\"ci_session\":\"8e5af1ed00fd22650424eb50015dda9e\"}', 'Akses Diberikan', 'UNKNOWN', 'Mozilla/5.0 (Macintosh; Intel Mac OS X 10_15_7) AppleWebKit/537.36 (KHTML, like Gecko) Chrome/141.0.', 1, '2025-10-10 04:55:29', NULL, NULL, NULL, 0),
(34, 'load', 'http://localhost/administrator/action/manmenu_load', '{\"draw\":\"1\",\"columns\":[{\"data\":\"id\",\"name\":\"\",\"searchable\":\"true\",\"orderable\":\"false\",\"search\":{\"value\":\"\",\"regex\":\"false\"}},{\"data\":\"module_name\",\"name\":\"\",\"searchable\":\"true\",\"orderable\":\"false\",\"search\":{\"value\":\"\",\"regex\":\"false\"}},{\"data\":\"menu_name\",\"name\":\"\",\"searchable\":\"true\",\"orderable\":\"false\",\"search\":{\"value\":\"\",\"regex\":\"false\"}},{\"data\":\"menu_url\",\"name\":\"\",\"searchable\":\"true\",\"orderable\":\"false\",\"search\":{\"value\":\"\",\"regex\":\"false\"}},{\"data\":\"menu_parent\",\"name\":\"\",\"searchable\":\"true\",\"orderable\":\"false\",\"search\":{\"value\":\"\",\"regex\":\"false\"}},{\"data\":\"id\",\"name\":\"\",\"searchable\":\"true\",\"orderable\":\"false\",\"search\":{\"value\":\"\",\"regex\":\"false\"}}],\"order\":[{\"column\":\"0\",\"dir\":\"asc\",\"name\":\"\"}],\"start\":\"0\",\"length\":\"10\",\"search\":{\"value\":\"\",\"regex\":\"false\"},\"filter\":\"\",\"debug-bar-state\":\"minimized\",\"csrf_cookie_name\":\"64041ca24d4eff67853d041132f5cbf8\",\"ci_session\":\"8e5af1ed00fd22650424eb50015dda9e\"}', 'Akses Diberikan', 'UNKNOWN', 'Mozilla/5.0 (Macintosh; Intel Mac OS X 10_15_7) AppleWebKit/537.36 (KHTML, like Gecko) Chrome/141.0.', 1, '2025-10-10 04:55:29', NULL, NULL, NULL, 0),
(35, 'load', 'http://localhost/administrator/action/manmenu_load', '{\"draw\":\"1\",\"columns\":[{\"data\":\"id\",\"name\":\"\",\"searchable\":\"true\",\"orderable\":\"false\",\"search\":{\"value\":\"\",\"regex\":\"false\"}},{\"data\":\"module_name\",\"name\":\"\",\"searchable\":\"true\",\"orderable\":\"false\",\"search\":{\"value\":\"\",\"regex\":\"false\"}},{\"data\":\"menu_name\",\"name\":\"\",\"searchable\":\"true\",\"orderable\":\"false\",\"search\":{\"value\":\"\",\"regex\":\"false\"}},{\"data\":\"menu_url\",\"name\":\"\",\"searchable\":\"true\",\"orderable\":\"false\",\"search\":{\"value\":\"\",\"regex\":\"false\"}},{\"data\":\"menu_parent\",\"name\":\"\",\"searchable\":\"true\",\"orderable\":\"false\",\"search\":{\"value\":\"\",\"regex\":\"false\"}},{\"data\":\"id\",\"name\":\"\",\"searchable\":\"true\",\"orderable\":\"false\",\"search\":{\"value\":\"\",\"regex\":\"false\"}}],\"order\":[{\"column\":\"0\",\"dir\":\"asc\",\"name\":\"\"}],\"start\":\"0\",\"length\":\"10\",\"search\":{\"value\":\"\",\"regex\":\"false\"},\"filter\":\"\",\"debug-bar-state\":\"minimized\",\"csrf_cookie_name\":\"64041ca24d4eff67853d041132f5cbf8\",\"ci_session\":\"8e5af1ed00fd22650424eb50015dda9e\"}', 'Akses Diberikan', 'UNKNOWN', 'Mozilla/5.0 (Macintosh; Intel Mac OS X 10_15_7) AppleWebKit/537.36 (KHTML, like Gecko) Chrome/141.0.', 1, '2025-10-10 04:56:40', NULL, NULL, NULL, 0),
(36, 'login', 'http://localhost/auth/action/login', '{\"username\":\"admin\",\"password\":\"$2y$10$HH4DEeHL5skZJk8q9JRhZOTG.sy11vdGd3lwNUuaIZs6Vm0WlFsBu\",\"debug-bar-state\":\"minimized\",\"csrf_cookie_name\":\"64041ca24d4eff67853d041132f5cbf8\",\"ci_session\":\"4d0b4caabd96f08c2f4b2e658cbf09a3\"}', 'Akses Diberikan', 'UNKNOWN', 'Mozilla/5.0 (Macintosh; Intel Mac OS X 10_15_7) AppleWebKit/537.36 (KHTML, like Gecko) Chrome/141.0.', 1, '2025-10-10 06:04:40', NULL, NULL, NULL, 0),
(37, 'load', 'http://localhost/administrator/action/manuser_load', '{\"draw\":\"1\",\"columns\":[{\"data\":\"id\",\"name\":\"\",\"searchable\":\"true\",\"orderable\":\"false\",\"search\":{\"value\":\"\",\"regex\":\"false\"}},{\"data\":\"user_web_name\",\"name\":\"\",\"searchable\":\"true\",\"orderable\":\"true\",\"search\":{\"value\":\"\",\"regex\":\"false\"}},{\"data\":\"user_web_email\",\"name\":\"\",\"searchable\":\"true\",\"orderable\":\"true\",\"search\":{\"value\":\"\",\"regex\":\"false\"}},{\"data\":\"user_web_username\",\"name\":\"\",\"searchable\":\"true\",\"orderable\":\"true\",\"search\":{\"value\":\"\",\"regex\":\"false\"}},{\"data\":\"user_web_role_sort\",\"name\":\"\",\"searchable\":\"true\",\"orderable\":\"true\",\"search\":{\"value\":\"\",\"regex\":\"false\"}},{\"data\":\"id\",\"name\":\"\",\"searchable\":\"true\",\"orderable\":\"false\",\"search\":{\"value\":\"\",\"regex\":\"false\"}}],\"order\":[{\"column\":\"0\",\"dir\":\"asc\",\"name\":\"\"}],\"start\":\"0\",\"length\":\"10\",\"search\":{\"value\":\"\",\"regex\":\"false\"},\"filter\":\"\",\"debug-bar-state\":\"minimized\",\"csrf_cookie_name\":\"64041ca24d4eff67853d041132f5cbf8\",\"ci_session\":\"4d0b4caabd96f08c2f4b2e658cbf09a3\"}', 'Akses Diberikan', 'UNKNOWN', 'Mozilla/5.0 (Macintosh; Intel Mac OS X 10_15_7) AppleWebKit/537.36 (KHTML, like Gecko) Chrome/141.0.', 1, '2025-10-10 06:05:11', NULL, NULL, NULL, 0),
(38, 'insert', 'http://localhost/administrator/action/manuser_save', '{\"id\":\"\",\"user_web_role_code\":\"\",\"user_web_name\":\"ascaliko\",\"user_web_email\":\"ascaliko7@gmail.com\",\"user_web_phone\":\"\",\"user_web_username\":\"ascaliko\",\"user_web_password\":\"$2y$10$YnuFa.4s192QfAwsei1fS.gFyuTP.rhM5bN9TtaoS0IdKqlR80X1q\",\"user_web_role_id\":\"1\",\"debug-bar-state\":\"minimized\",\"csrf_cookie_name\":\"64041ca24d4eff67853d041132f5cbf8\",\"ci_session\":\"4d0b4caabd96f08c2f4b2e658cbf09a3\"}', 'Akses Diberikan', 'UNKNOWN', 'Mozilla/5.0 (Macintosh; Intel Mac OS X 10_15_7) AppleWebKit/537.36 (KHTML, like Gecko) Chrome/141.0.', 1, '2025-10-10 06:05:51', NULL, NULL, NULL, 0),
(39, 'load', 'http://localhost/administrator/action/manuser_load', '{\"draw\":\"1\",\"columns\":[{\"data\":\"id\",\"name\":\"\",\"searchable\":\"true\",\"orderable\":\"false\",\"search\":{\"value\":\"\",\"regex\":\"false\"}},{\"data\":\"user_web_name\",\"name\":\"\",\"searchable\":\"true\",\"orderable\":\"true\",\"search\":{\"value\":\"\",\"regex\":\"false\"}},{\"data\":\"user_web_email\",\"name\":\"\",\"searchable\":\"true\",\"orderable\":\"true\",\"search\":{\"value\":\"\",\"regex\":\"false\"}},{\"data\":\"user_web_username\",\"name\":\"\",\"searchable\":\"true\",\"orderable\":\"true\",\"search\":{\"value\":\"\",\"regex\":\"false\"}},{\"data\":\"user_web_role_sort\",\"name\":\"\",\"searchable\":\"true\",\"orderable\":\"true\",\"search\":{\"value\":\"\",\"regex\":\"false\"}},{\"data\":\"id\",\"name\":\"\",\"searchable\":\"true\",\"orderable\":\"false\",\"search\":{\"value\":\"\",\"regex\":\"false\"}}],\"order\":[{\"column\":\"0\",\"dir\":\"asc\",\"name\":\"\"}],\"start\":\"0\",\"length\":\"10\",\"search\":{\"value\":\"\",\"regex\":\"false\"},\"filter\":\"\",\"debug-bar-state\":\"minimized\",\"csrf_cookie_name\":\"64041ca24d4eff67853d041132f5cbf8\",\"ci_session\":\"4d0b4caabd96f08c2f4b2e658cbf09a3\"}', 'Akses Diberikan', 'UNKNOWN', 'Mozilla/5.0 (Macintosh; Intel Mac OS X 10_15_7) AppleWebKit/537.36 (KHTML, like Gecko) Chrome/141.0.', 1, '2025-10-10 06:05:52', NULL, NULL, NULL, 0),
(40, 'load', 'http://localhost/administrator/action/manuser_login', '{\"id\":\"2\",\"debug-bar-state\":\"minimized\",\"csrf_cookie_name\":\"64041ca24d4eff67853d041132f5cbf8\",\"ci_session\":\"4d0b4caabd96f08c2f4b2e658cbf09a3\"}', 'Akses Diberikan', 'UNKNOWN', 'Mozilla/5.0 (Macintosh; Intel Mac OS X 10_15_7) AppleWebKit/537.36 (KHTML, like Gecko) Chrome/141.0.', 1, '2025-10-10 06:05:57', NULL, NULL, NULL, 0),
(41, 'login', 'http://localhost/administrator/action/manuser_login', '{\"id\":\"2\",\"debug-bar-state\":\"minimized\",\"csrf_cookie_name\":\"64041ca24d4eff67853d041132f5cbf8\",\"ci_session\":\"4d0b4caabd96f08c2f4b2e658cbf09a3\"}', 'Akses Diberikan', 'UNKNOWN', 'Mozilla/5.0 (Macintosh; Intel Mac OS X 10_15_7) AppleWebKit/537.36 (KHTML, like Gecko) Chrome/141.0.', 2, '2025-10-10 06:05:57', NULL, NULL, NULL, 0),
(42, 'load', 'http://localhost/administrator/action/manmodul_load', '{\"draw\":\"1\",\"columns\":[{\"data\":\"id\",\"name\":\"\",\"searchable\":\"true\",\"orderable\":\"false\",\"search\":{\"value\":\"\",\"regex\":\"false\"}},{\"data\":\"module_name\",\"name\":\"\",\"searchable\":\"true\",\"orderable\":\"true\",\"search\":{\"value\":\"\",\"regex\":\"false\"}},{\"data\":\"module_url\",\"name\":\"\",\"searchable\":\"true\",\"orderable\":\"true\",\"search\":{\"value\":\"\",\"regex\":\"false\"}},{\"data\":\"id\",\"name\":\"\",\"searchable\":\"true\",\"orderable\":\"false\",\"search\":{\"value\":\"\",\"regex\":\"false\"}}],\"order\":[{\"column\":\"0\",\"dir\":\"asc\",\"name\":\"\"}],\"start\":\"0\",\"length\":\"10\",\"search\":{\"value\":\"\",\"regex\":\"false\"},\"filter\":\"\",\"debug-bar-state\":\"minimized\",\"csrf_cookie_name\":\"64041ca24d4eff67853d041132f5cbf8\",\"ci_session\":\"4d0b4caabd96f08c2f4b2e658cbf09a3\"}', 'Akses Diberikan', 'UNKNOWN', 'Mozilla/5.0 (Macintosh; Intel Mac OS X 10_15_7) AppleWebKit/537.36 (KHTML, like Gecko) Chrome/141.0.', 2, '2025-10-10 06:07:16', NULL, NULL, NULL, 0),
(43, 'load', 'http://localhost/administrator/action/manmodul_load', '{\"draw\":\"1\",\"columns\":[{\"data\":\"id\",\"name\":\"\",\"searchable\":\"true\",\"orderable\":\"false\",\"search\":{\"value\":\"\",\"regex\":\"false\"}},{\"data\":\"module_name\",\"name\":\"\",\"searchable\":\"true\",\"orderable\":\"true\",\"search\":{\"value\":\"\",\"regex\":\"false\"}},{\"data\":\"module_url\",\"name\":\"\",\"searchable\":\"true\",\"orderable\":\"true\",\"search\":{\"value\":\"\",\"regex\":\"false\"}},{\"data\":\"id\",\"name\":\"\",\"searchable\":\"true\",\"orderable\":\"false\",\"search\":{\"value\":\"\",\"regex\":\"false\"}}],\"order\":[{\"column\":\"0\",\"dir\":\"asc\",\"name\":\"\"}],\"start\":\"0\",\"length\":\"10\",\"search\":{\"value\":\"\",\"regex\":\"false\"},\"filter\":\"\",\"debug-bar-state\":\"minimized\",\"csrf_cookie_name\":\"64041ca24d4eff67853d041132f5cbf8\",\"ci_session\":\"4d0b4caabd96f08c2f4b2e658cbf09a3\"}', 'Akses Diberikan', 'UNKNOWN', 'Mozilla/5.0 (Macintosh; Intel Mac OS X 10_15_7) AppleWebKit/537.36 (KHTML, like Gecko) Chrome/141.0.', 2, '2025-10-10 06:07:28', NULL, NULL, NULL, 0),
(44, 'load', 'http://localhost/administrator/action/manmodul_load', '{\"draw\":\"1\",\"columns\":[{\"data\":\"id\",\"name\":\"\",\"searchable\":\"true\",\"orderable\":\"false\",\"search\":{\"value\":\"\",\"regex\":\"false\"}},{\"data\":\"module_name\",\"name\":\"\",\"searchable\":\"true\",\"orderable\":\"true\",\"search\":{\"value\":\"\",\"regex\":\"false\"}},{\"data\":\"module_url\",\"name\":\"\",\"searchable\":\"true\",\"orderable\":\"true\",\"search\":{\"value\":\"\",\"regex\":\"false\"}},{\"data\":\"id\",\"name\":\"\",\"searchable\":\"true\",\"orderable\":\"false\",\"search\":{\"value\":\"\",\"regex\":\"false\"}}],\"order\":[{\"column\":\"0\",\"dir\":\"asc\",\"name\":\"\"}],\"start\":\"0\",\"length\":\"10\",\"search\":{\"value\":\"\",\"regex\":\"false\"},\"filter\":\"\",\"debug-bar-state\":\"minimized\",\"csrf_cookie_name\":\"64041ca24d4eff67853d041132f5cbf8\",\"ci_session\":\"4d0b4caabd96f08c2f4b2e658cbf09a3\"}', 'Akses Diberikan', 'UNKNOWN', 'Mozilla/5.0 (Macintosh; Intel Mac OS X 10_15_7) AppleWebKit/537.36 (KHTML, like Gecko) Chrome/141.0.', 2, '2025-10-10 06:07:47', NULL, NULL, NULL, 0),
(45, 'load', 'http://localhost/administrator/action/manuser_load', '{\"draw\":\"1\",\"columns\":[{\"data\":\"id\",\"name\":\"\",\"searchable\":\"true\",\"orderable\":\"false\",\"search\":{\"value\":\"\",\"regex\":\"false\"}},{\"data\":\"user_web_name\",\"name\":\"\",\"searchable\":\"true\",\"orderable\":\"true\",\"search\":{\"value\":\"\",\"regex\":\"false\"}},{\"data\":\"user_web_email\",\"name\":\"\",\"searchable\":\"true\",\"orderable\":\"true\",\"search\":{\"value\":\"\",\"regex\":\"false\"}},{\"data\":\"user_web_username\",\"name\":\"\",\"searchable\":\"true\",\"orderable\":\"true\",\"search\":{\"value\":\"\",\"regex\":\"false\"}},{\"data\":\"user_web_role_sort\",\"name\":\"\",\"searchable\":\"true\",\"orderable\":\"true\",\"search\":{\"value\":\"\",\"regex\":\"false\"}},{\"data\":\"id\",\"name\":\"\",\"searchable\":\"true\",\"orderable\":\"false\",\"search\":{\"value\":\"\",\"regex\":\"false\"}}],\"order\":[{\"column\":\"0\",\"dir\":\"asc\",\"name\":\"\"}],\"start\":\"0\",\"length\":\"10\",\"search\":{\"value\":\"\",\"regex\":\"false\"},\"filter\":\"\",\"debug-bar-state\":\"minimized\",\"csrf_cookie_name\":\"64041ca24d4eff67853d041132f5cbf8\",\"ci_session\":\"4d0b4caabd96f08c2f4b2e658cbf09a3\"}', 'Akses Diberikan', 'UNKNOWN', 'Mozilla/5.0 (Macintosh; Intel Mac OS X 10_15_7) AppleWebKit/537.36 (KHTML, like Gecko) Chrome/141.0.', 2, '2025-10-10 06:08:00', NULL, NULL, NULL, 0),
(46, 'load', 'http://localhost/administrator/action/manuser_load', '{\"draw\":\"1\",\"columns\":[{\"data\":\"id\",\"name\":\"\",\"searchable\":\"true\",\"orderable\":\"false\",\"search\":{\"value\":\"\",\"regex\":\"false\"}},{\"data\":\"user_web_name\",\"name\":\"\",\"searchable\":\"true\",\"orderable\":\"true\",\"search\":{\"value\":\"\",\"regex\":\"false\"}},{\"data\":\"user_web_email\",\"name\":\"\",\"searchable\":\"true\",\"orderable\":\"true\",\"search\":{\"value\":\"\",\"regex\":\"false\"}},{\"data\":\"user_web_username\",\"name\":\"\",\"searchable\":\"true\",\"orderable\":\"true\",\"search\":{\"value\":\"\",\"regex\":\"false\"}},{\"data\":\"user_web_role_sort\",\"name\":\"\",\"searchable\":\"true\",\"orderable\":\"true\",\"search\":{\"value\":\"\",\"regex\":\"false\"}},{\"data\":\"id\",\"name\":\"\",\"searchable\":\"true\",\"orderable\":\"false\",\"search\":{\"value\":\"\",\"regex\":\"false\"}}],\"order\":[{\"column\":\"0\",\"dir\":\"asc\",\"name\":\"\"}],\"start\":\"0\",\"length\":\"10\",\"search\":{\"value\":\"\",\"regex\":\"false\"},\"filter\":{\"role_id\":\"1\"},\"debug-bar-state\":\"minimized\",\"csrf_cookie_name\":\"64041ca24d4eff67853d041132f5cbf8\",\"ci_session\":\"4d0b4caabd96f08c2f4b2e658cbf09a3\"}', 'Akses Diberikan', 'UNKNOWN', 'Mozilla/5.0 (Macintosh; Intel Mac OS X 10_15_7) AppleWebKit/537.36 (KHTML, like Gecko) Chrome/141.0.', 2, '2025-10-10 06:08:14', NULL, NULL, NULL, 0),
(47, 'load', 'http://localhost/administrator/action/manuser_load', '{\"draw\":\"1\",\"columns\":[{\"data\":\"id\",\"name\":\"\",\"searchable\":\"true\",\"orderable\":\"false\",\"search\":{\"value\":\"\",\"regex\":\"false\"}},{\"data\":\"user_web_name\",\"name\":\"\",\"searchable\":\"true\",\"orderable\":\"true\",\"search\":{\"value\":\"\",\"regex\":\"false\"}},{\"data\":\"user_web_email\",\"name\":\"\",\"searchable\":\"true\",\"orderable\":\"true\",\"search\":{\"value\":\"\",\"regex\":\"false\"}},{\"data\":\"user_web_username\",\"name\":\"\",\"searchable\":\"true\",\"orderable\":\"true\",\"search\":{\"value\":\"\",\"regex\":\"false\"}},{\"data\":\"user_web_role_sort\",\"name\":\"\",\"searchable\":\"true\",\"orderable\":\"true\",\"search\":{\"value\":\"\",\"regex\":\"false\"}},{\"data\":\"id\",\"name\":\"\",\"searchable\":\"true\",\"orderable\":\"false\",\"search\":{\"value\":\"\",\"regex\":\"false\"}}],\"order\":[{\"column\":\"3\",\"dir\":\"asc\",\"name\":\"\"}],\"start\":\"0\",\"length\":\"10\",\"search\":{\"value\":\"\",\"regex\":\"false\"},\"filter\":{\"role_id\":\"1\"},\"debug-bar-state\":\"minimized\",\"csrf_cookie_name\":\"64041ca24d4eff67853d041132f5cbf8\",\"ci_session\":\"4d0b4caabd96f08c2f4b2e658cbf09a3\"}', 'Akses Diberikan', 'UNKNOWN', 'Mozilla/5.0 (Macintosh; Intel Mac OS X 10_15_7) AppleWebKit/537.36 (KHTML, like Gecko) Chrome/141.0.', 2, '2025-10-10 06:16:28', NULL, NULL, NULL, 0),
(48, 'load', 'http://localhost/administrator/action/manuser_load', '{\"draw\":\"1\",\"columns\":[{\"data\":\"id\",\"name\":\"\",\"searchable\":\"true\",\"orderable\":\"false\",\"search\":{\"value\":\"\",\"regex\":\"false\"}},{\"data\":\"user_web_name\",\"name\":\"\",\"searchable\":\"true\",\"orderable\":\"true\",\"search\":{\"value\":\"\",\"regex\":\"false\"}},{\"data\":\"user_web_email\",\"name\":\"\",\"searchable\":\"true\",\"orderable\":\"true\",\"search\":{\"value\":\"\",\"regex\":\"false\"}},{\"data\":\"user_web_username\",\"name\":\"\",\"searchable\":\"true\",\"orderable\":\"true\",\"search\":{\"value\":\"\",\"regex\":\"false\"}},{\"data\":\"user_web_role_sort\",\"name\":\"\",\"searchable\":\"true\",\"orderable\":\"true\",\"search\":{\"value\":\"\",\"regex\":\"false\"}},{\"data\":\"id\",\"name\":\"\",\"searchable\":\"true\",\"orderable\":\"false\",\"search\":{\"value\":\"\",\"regex\":\"false\"}}],\"order\":[{\"column\":\"1\",\"dir\":\"asc\",\"name\":\"\"}],\"start\":\"0\",\"length\":\"10\",\"search\":{\"value\":\"\",\"regex\":\"false\"},\"filter\":{\"role_id\":\"1\"},\"debug-bar-state\":\"minimized\",\"csrf_cookie_name\":\"64041ca24d4eff67853d041132f5cbf8\",\"ci_session\":\"4d0b4caabd96f08c2f4b2e658cbf09a3\"}', 'Akses Diberikan', 'UNKNOWN', 'Mozilla/5.0 (Macintosh; Intel Mac OS X 10_15_7) AppleWebKit/537.36 (KHTML, like Gecko) Chrome/141.0.', 2, '2025-10-10 06:16:30', NULL, NULL, NULL, 0),
(49, 'load', 'http://localhost/administrator/action/manuser_load', '{\"draw\":\"1\",\"columns\":[{\"data\":\"id\",\"name\":\"\",\"searchable\":\"true\",\"orderable\":\"false\",\"search\":{\"value\":\"\",\"regex\":\"false\"}},{\"data\":\"user_web_name\",\"name\":\"\",\"searchable\":\"true\",\"orderable\":\"true\",\"search\":{\"value\":\"\",\"regex\":\"false\"}},{\"data\":\"user_web_email\",\"name\":\"\",\"searchable\":\"true\",\"orderable\":\"true\",\"search\":{\"value\":\"\",\"regex\":\"false\"}},{\"data\":\"user_web_username\",\"name\":\"\",\"searchable\":\"true\",\"orderable\":\"true\",\"search\":{\"value\":\"\",\"regex\":\"false\"}},{\"data\":\"user_web_role_sort\",\"name\":\"\",\"searchable\":\"true\",\"orderable\":\"true\",\"search\":{\"value\":\"\",\"regex\":\"false\"}},{\"data\":\"id\",\"name\":\"\",\"searchable\":\"true\",\"orderable\":\"false\",\"search\":{\"value\":\"\",\"regex\":\"false\"}}],\"order\":[{\"column\":\"0\",\"dir\":\"asc\",\"name\":\"\"}],\"start\":\"0\",\"length\":\"10\",\"search\":{\"value\":\"\",\"regex\":\"false\"},\"filter\":\"\",\"debug-bar-state\":\"minimized\",\"csrf_cookie_name\":\"64041ca24d4eff67853d041132f5cbf8\",\"ci_session\":\"ed3bf8a810045e556f104a71310298aa\"}', 'Akses Diberikan', 'UNKNOWN', 'Mozilla/5.0 (Macintosh; Intel Mac OS X 10_15_7) AppleWebKit/537.36 (KHTML, like Gecko) Chrome/141.0.', 2, '2025-10-10 06:16:48', NULL, NULL, NULL, 0),
(50, 'load', 'http://localhost/administrator/action/manjenisuser_load', '{\"draw\":\"1\",\"columns\":[{\"data\":\"id\",\"name\":\"\",\"searchable\":\"true\",\"orderable\":\"false\",\"search\":{\"value\":\"\",\"regex\":\"false\"}},{\"data\":\"user_web_role_name\",\"name\":\"\",\"searchable\":\"true\",\"orderable\":\"true\",\"search\":{\"value\":\"\",\"regex\":\"false\"}},{\"data\":\"user_web_role_code\",\"name\":\"\",\"searchable\":\"true\",\"orderable\":\"true\",\"search\":{\"value\":\"\",\"regex\":\"false\"}},{\"data\":\"id\",\"name\":\"\",\"searchable\":\"true\",\"orderable\":\"false\",\"search\":{\"value\":\"\",\"regex\":\"false\"}}],\"order\":[{\"column\":\"0\",\"dir\":\"asc\",\"name\":\"\"}],\"start\":\"0\",\"length\":\"10\",\"search\":{\"value\":\"\",\"regex\":\"false\"},\"filter\":\"\",\"debug-bar-state\":\"minimized\",\"csrf_cookie_name\":\"64041ca24d4eff67853d041132f5cbf8\",\"ci_session\":\"ed3bf8a810045e556f104a71310298aa\"}', 'Akses Diberikan', 'UNKNOWN', 'Mozilla/5.0 (Macintosh; Intel Mac OS X 10_15_7) AppleWebKit/537.36 (KHTML, like Gecko) Chrome/141.0.', 2, '2025-10-10 06:20:56', NULL, NULL, NULL, 0),
(51, 'insert', 'http://localhost/administrator/action/manjenisuser_save', '{\"id\":\"\",\"user_web_role_name\":\"member\",\"user_web_role_code\":\"mmbr\",\"csrf_cookie_name\":\"64041ca24d4eff67853d041132f5cbf8\",\"ci_session\":\"ed3bf8a810045e556f104a71310298aa\",\"debug-bar-state\":\"open\"}', 'Akses Diberikan', 'UNKNOWN', 'Mozilla/5.0 (Macintosh; Intel Mac OS X 10_15_7) AppleWebKit/537.36 (KHTML, like Gecko) Chrome/141.0.', 2, '2025-10-10 06:22:32', NULL, NULL, NULL, 0),
(52, 'load', 'http://localhost/administrator/action/manjenisuser_load', '{\"draw\":\"1\",\"columns\":[{\"data\":\"id\",\"name\":\"\",\"searchable\":\"true\",\"orderable\":\"false\",\"search\":{\"value\":\"\",\"regex\":\"false\"}},{\"data\":\"user_web_role_name\",\"name\":\"\",\"searchable\":\"true\",\"orderable\":\"true\",\"search\":{\"value\":\"\",\"regex\":\"false\"}},{\"data\":\"user_web_role_code\",\"name\":\"\",\"searchable\":\"true\",\"orderable\":\"true\",\"search\":{\"value\":\"\",\"regex\":\"false\"}},{\"data\":\"id\",\"name\":\"\",\"searchable\":\"true\",\"orderable\":\"false\",\"search\":{\"value\":\"\",\"regex\":\"false\"}}],\"order\":[{\"column\":\"0\",\"dir\":\"asc\",\"name\":\"\"}],\"start\":\"0\",\"length\":\"10\",\"search\":{\"value\":\"\",\"regex\":\"false\"},\"filter\":\"\",\"csrf_cookie_name\":\"64041ca24d4eff67853d041132f5cbf8\",\"ci_session\":\"ed3bf8a810045e556f104a71310298aa\",\"debug-bar-state\":\"open\"}', 'Akses Diberikan', 'UNKNOWN', 'Mozilla/5.0 (Macintosh; Intel Mac OS X 10_15_7) AppleWebKit/537.36 (KHTML, like Gecko) Chrome/141.0.', 2, '2025-10-10 06:22:32', NULL, NULL, NULL, 0),
(53, 'edit', 'http://localhost/administrator/action/manjenisuser_edit', '{\"id\":\"2\",\"csrf_cookie_name\":\"64041ca24d4eff67853d041132f5cbf8\",\"ci_session\":\"ed3bf8a810045e556f104a71310298aa\",\"debug-bar-state\":\"open\"}', 'Akses Diberikan', 'UNKNOWN', 'Mozilla/5.0 (Macintosh; Intel Mac OS X 10_15_7) AppleWebKit/537.36 (KHTML, like Gecko) Chrome/141.0.', 2, '2025-10-10 06:22:38', NULL, NULL, NULL, 0),
(54, 'edit', 'http://localhost/administrator/action/manjenisuser_edit', '{\"id\":\"2\",\"csrf_cookie_name\":\"64041ca24d4eff67853d041132f5cbf8\",\"ci_session\":\"ed3bf8a810045e556f104a71310298aa\",\"debug-bar-state\":\"open\"}', 'Akses Diberikan', 'UNKNOWN', 'Mozilla/5.0 (Macintosh; Intel Mac OS X 10_15_7) AppleWebKit/537.36 (KHTML, like Gecko) Chrome/141.0.', 2, '2025-10-10 06:22:40', NULL, NULL, NULL, 0),
(55, 'load', 'http://localhost/administrator/action/manjenisuser_load', '{\"draw\":\"1\",\"columns\":[{\"data\":\"id\",\"name\":\"\",\"searchable\":\"true\",\"orderable\":\"false\",\"search\":{\"value\":\"\",\"regex\":\"false\"}},{\"data\":\"user_web_role_name\",\"name\":\"\",\"searchable\":\"true\",\"orderable\":\"true\",\"search\":{\"value\":\"\",\"regex\":\"false\"}},{\"data\":\"user_web_role_code\",\"name\":\"\",\"searchable\":\"true\",\"orderable\":\"true\",\"search\":{\"value\":\"\",\"regex\":\"false\"}},{\"data\":\"id\",\"name\":\"\",\"searchable\":\"true\",\"orderable\":\"false\",\"search\":{\"value\":\"\",\"regex\":\"false\"}}],\"order\":[{\"column\":\"0\",\"dir\":\"asc\",\"name\":\"\"}],\"start\":\"0\",\"length\":\"10\",\"search\":{\"value\":\"\",\"regex\":\"false\"},\"filter\":\"\",\"csrf_cookie_name\":\"64041ca24d4eff67853d041132f5cbf8\",\"debug-bar-state\":\"open\",\"ci_session\":\"ec9acdc12ffe26b037f681dfc6356354\"}', 'Akses Diberikan', 'UNKNOWN', 'Mozilla/5.0 (Macintosh; Intel Mac OS X 10_15_7) AppleWebKit/537.36 (KHTML, like Gecko) Chrome/141.0.', 2, '2025-10-10 06:24:10', NULL, NULL, NULL, 0),
(56, 'edit', 'http://localhost/administrator/action/manjenisuser_edit', '{\"id\":\"1\",\"csrf_cookie_name\":\"64041ca24d4eff67853d041132f5cbf8\",\"debug-bar-state\":\"open\",\"ci_session\":\"ec9acdc12ffe26b037f681dfc6356354\"}', 'Akses Diberikan', 'UNKNOWN', 'Mozilla/5.0 (Macintosh; Intel Mac OS X 10_15_7) AppleWebKit/537.36 (KHTML, like Gecko) Chrome/141.0.', 2, '2025-10-10 06:24:16', NULL, NULL, NULL, 0),
(57, 'edit', 'http://localhost/administrator/action/manjenisuser_edit', '{\"id\":\"2\",\"csrf_cookie_name\":\"64041ca24d4eff67853d041132f5cbf8\",\"debug-bar-state\":\"open\",\"ci_session\":\"ec9acdc12ffe26b037f681dfc6356354\"}', 'Akses Diberikan', 'UNKNOWN', 'Mozilla/5.0 (Macintosh; Intel Mac OS X 10_15_7) AppleWebKit/537.36 (KHTML, like Gecko) Chrome/141.0.', 2, '2025-10-10 06:24:21', NULL, NULL, NULL, 0),
(58, 'insert', 'http://localhost/administrator/action/manjenisuser_save', '{\"id\":\"2\",\"user_web_role_name\":\"Member\",\"user_web_role_code\":\"mmbr\",\"csrf_cookie_name\":\"64041ca24d4eff67853d041132f5cbf8\",\"debug-bar-state\":\"open\",\"ci_session\":\"ec9acdc12ffe26b037f681dfc6356354\"}', 'Akses Diberikan', 'UNKNOWN', 'Mozilla/5.0 (Macintosh; Intel Mac OS X 10_15_7) AppleWebKit/537.36 (KHTML, like Gecko) Chrome/141.0.', 2, '2025-10-10 06:24:29', NULL, NULL, NULL, 0),
(59, 'load', 'http://localhost/administrator/action/manjenisuser_load', '{\"draw\":\"1\",\"columns\":[{\"data\":\"id\",\"name\":\"\",\"searchable\":\"true\",\"orderable\":\"false\",\"search\":{\"value\":\"\",\"regex\":\"false\"}},{\"data\":\"user_web_role_name\",\"name\":\"\",\"searchable\":\"true\",\"orderable\":\"true\",\"search\":{\"value\":\"\",\"regex\":\"false\"}},{\"data\":\"user_web_role_code\",\"name\":\"\",\"searchable\":\"true\",\"orderable\":\"true\",\"search\":{\"value\":\"\",\"regex\":\"false\"}},{\"data\":\"id\",\"name\":\"\",\"searchable\":\"true\",\"orderable\":\"false\",\"search\":{\"value\":\"\",\"regex\":\"false\"}}],\"order\":[{\"column\":\"0\",\"dir\":\"asc\",\"name\":\"\"}],\"start\":\"0\",\"length\":\"10\",\"search\":{\"value\":\"\",\"regex\":\"false\"},\"filter\":\"\",\"csrf_cookie_name\":\"64041ca24d4eff67853d041132f5cbf8\",\"debug-bar-state\":\"open\",\"ci_session\":\"ec9acdc12ffe26b037f681dfc6356354\"}', 'Akses Diberikan', 'UNKNOWN', 'Mozilla/5.0 (Macintosh; Intel Mac OS X 10_15_7) AppleWebKit/537.36 (KHTML, like Gecko) Chrome/141.0.', 2, '2025-10-10 06:24:29', NULL, NULL, NULL, 0),
(60, 'load', 'http://localhost/administrator/action/manjenisuser_load', '{\"draw\":\"1\",\"columns\":[{\"data\":\"id\",\"name\":\"\",\"searchable\":\"true\",\"orderable\":\"false\",\"search\":{\"value\":\"\",\"regex\":\"false\"}},{\"data\":\"user_web_role_name\",\"name\":\"\",\"searchable\":\"true\",\"orderable\":\"true\",\"search\":{\"value\":\"\",\"regex\":\"false\"}},{\"data\":\"user_web_role_code\",\"name\":\"\",\"searchable\":\"true\",\"orderable\":\"true\",\"search\":{\"value\":\"\",\"regex\":\"false\"}},{\"data\":\"id\",\"name\":\"\",\"searchable\":\"true\",\"orderable\":\"false\",\"search\":{\"value\":\"\",\"regex\":\"false\"}}],\"order\":[{\"column\":\"0\",\"dir\":\"asc\",\"name\":\"\"}],\"start\":\"0\",\"length\":\"10\",\"search\":{\"value\":\"\",\"regex\":\"false\"},\"filter\":\"\",\"csrf_cookie_name\":\"64041ca24d4eff67853d041132f5cbf8\",\"debug-bar-state\":\"open\",\"ci_session\":\"ec9acdc12ffe26b037f681dfc6356354\"}', 'Akses Diberikan', 'UNKNOWN', 'Mozilla/5.0 (Macintosh; Intel Mac OS X 10_15_7) AppleWebKit/537.36 (KHTML, like Gecko) Chrome/141.0.', 2, '2025-10-10 06:27:19', NULL, NULL, NULL, 0),
(61, 'load', 'http://localhost/administrator/action/manjenisuser_load', '{\"draw\":\"1\",\"columns\":[{\"data\":\"id\",\"name\":\"\",\"searchable\":\"true\",\"orderable\":\"false\",\"search\":{\"value\":\"\",\"regex\":\"false\"}},{\"data\":\"user_web_role_name\",\"name\":\"\",\"searchable\":\"true\",\"orderable\":\"true\",\"search\":{\"value\":\"\",\"regex\":\"false\"}},{\"data\":\"user_web_role_code\",\"name\":\"\",\"searchable\":\"true\",\"orderable\":\"true\",\"search\":{\"value\":\"\",\"regex\":\"false\"}},{\"data\":\"id\",\"name\":\"\",\"searchable\":\"true\",\"orderable\":\"false\",\"search\":{\"value\":\"\",\"regex\":\"false\"}}],\"order\":[{\"column\":\"0\",\"dir\":\"asc\",\"name\":\"\"}],\"start\":\"0\",\"length\":\"10\",\"search\":{\"value\":\"\",\"regex\":\"false\"},\"filter\":\"\",\"csrf_cookie_name\":\"64041ca24d4eff67853d041132f5cbf8\",\"debug-bar-state\":\"open\",\"ci_session\":\"ec9acdc12ffe26b037f681dfc6356354\"}', 'Akses Diberikan', 'UNKNOWN', 'Mozilla/5.0 (Macintosh; Intel Mac OS X 10_15_7) AppleWebKit/537.36 (KHTML, like Gecko) Chrome/141.0.', 2, '2025-10-10 06:28:29', NULL, NULL, NULL, 0),
(62, 'edit', 'http://localhost/administrator/action/manjenisuser_edit', '{\"id\":\"2\",\"csrf_cookie_name\":\"64041ca24d4eff67853d041132f5cbf8\",\"debug-bar-state\":\"open\",\"ci_session\":\"ec9acdc12ffe26b037f681dfc6356354\"}', 'Akses Diberikan', 'UNKNOWN', 'Mozilla/5.0 (Macintosh; Intel Mac OS X 10_15_7) AppleWebKit/537.36 (KHTML, like Gecko) Chrome/141.0.', 2, '2025-10-10 06:28:32', NULL, NULL, NULL, 0),
(63, 'login', 'http://localhost/auth/action/login', '{\"username\":\"ascaliko\",\"password\":\"$2y$10$kVPCF03sQs8rGCksfLULVeo.f1Akij3BucTdib6vYHaAjH07.PNIe\",\"csrf_cookie_name\":\"64041ca24d4eff67853d041132f5cbf8\",\"debug-bar-state\":\"open\",\"ci_session\":\"0df5aba442693fba3e422a4876145f9e\"}', 'Akses Diberikan', 'UNKNOWN', 'Mozilla/5.0 (Macintosh; Intel Mac OS X 10_15_7) AppleWebKit/537.36 (KHTML, like Gecko) Chrome/141.0.', 2, '2025-10-10 06:34:48', NULL, NULL, NULL, 0),
(64, 'load', 'http://localhost/administrator/action/manmodul_load', '{\"draw\":\"1\",\"columns\":[{\"data\":\"id\",\"name\":\"\",\"searchable\":\"true\",\"orderable\":\"false\",\"search\":{\"value\":\"\",\"regex\":\"false\"}},{\"data\":\"module_name\",\"name\":\"\",\"searchable\":\"true\",\"orderable\":\"true\",\"search\":{\"value\":\"\",\"regex\":\"false\"}},{\"data\":\"module_url\",\"name\":\"\",\"searchable\":\"true\",\"orderable\":\"true\",\"search\":{\"value\":\"\",\"regex\":\"false\"}},{\"data\":\"id\",\"name\":\"\",\"searchable\":\"true\",\"orderable\":\"false\",\"search\":{\"value\":\"\",\"regex\":\"false\"}}],\"order\":[{\"column\":\"0\",\"dir\":\"asc\",\"name\":\"\"}],\"start\":\"0\",\"length\":\"10\",\"search\":{\"value\":\"\",\"regex\":\"false\"},\"filter\":\"\",\"csrf_cookie_name\":\"64041ca24d4eff67853d041132f5cbf8\",\"debug-bar-state\":\"open\",\"ci_session\":\"3070329301fb580e3b6146d760568124\"}', 'Akses Diberikan', 'UNKNOWN', 'Mozilla/5.0 (Macintosh; Intel Mac OS X 10_15_7) AppleWebKit/537.36 (KHTML, like Gecko) Chrome/141.0.', 2, '2025-10-10 06:41:31', NULL, NULL, NULL, 0),
(65, 'load', 'http://localhost/administrator/action/manmodul_load', '{\"draw\":\"1\",\"columns\":[{\"data\":\"id\",\"name\":\"\",\"searchable\":\"true\",\"orderable\":\"false\",\"search\":{\"value\":\"\",\"regex\":\"false\"}},{\"data\":\"module_name\",\"name\":\"\",\"searchable\":\"true\",\"orderable\":\"true\",\"search\":{\"value\":\"\",\"regex\":\"false\"}},{\"data\":\"module_url\",\"name\":\"\",\"searchable\":\"true\",\"orderable\":\"true\",\"search\":{\"value\":\"\",\"regex\":\"false\"}},{\"data\":\"id\",\"name\":\"\",\"searchable\":\"true\",\"orderable\":\"false\",\"search\":{\"value\":\"\",\"regex\":\"false\"}}],\"order\":[{\"column\":\"0\",\"dir\":\"asc\",\"name\":\"\"}],\"start\":\"0\",\"length\":\"10\",\"search\":{\"value\":\"\",\"regex\":\"false\"},\"filter\":\"\",\"csrf_cookie_name\":\"64041ca24d4eff67853d041132f5cbf8\",\"debug-bar-state\":\"open\",\"ci_session\":\"3070329301fb580e3b6146d760568124\"}', 'Akses Diberikan', 'UNKNOWN', 'Mozilla/5.0 (Macintosh; Intel Mac OS X 10_15_7) AppleWebKit/537.36 (KHTML, like Gecko) Chrome/141.0.', 2, '2025-10-10 06:42:45', NULL, NULL, NULL, 0),
(66, 'load', 'http://localhost/administrator/action/manmodul_load', '{\"draw\":\"1\",\"columns\":[{\"data\":\"id\",\"name\":\"\",\"searchable\":\"true\",\"orderable\":\"false\",\"search\":{\"value\":\"\",\"regex\":\"false\"}},{\"data\":\"module_name\",\"name\":\"\",\"searchable\":\"true\",\"orderable\":\"true\",\"search\":{\"value\":\"\",\"regex\":\"false\"}},{\"data\":\"module_url\",\"name\":\"\",\"searchable\":\"true\",\"orderable\":\"true\",\"search\":{\"value\":\"\",\"regex\":\"false\"}},{\"data\":\"id\",\"name\":\"\",\"searchable\":\"true\",\"orderable\":\"false\",\"search\":{\"value\":\"\",\"regex\":\"false\"}}],\"order\":[{\"column\":\"0\",\"dir\":\"asc\",\"name\":\"\"}],\"start\":\"0\",\"length\":\"10\",\"search\":{\"value\":\"\",\"regex\":\"false\"},\"filter\":\"\",\"csrf_cookie_name\":\"64041ca24d4eff67853d041132f5cbf8\",\"debug-bar-state\":\"open\",\"ci_session\":\"3070329301fb580e3b6146d760568124\"}', 'Akses Diberikan', 'UNKNOWN', 'Mozilla/5.0 (Macintosh; Intel Mac OS X 10_15_7) AppleWebKit/537.36 (KHTML, like Gecko) Chrome/141.0.', 2, '2025-10-10 06:44:49', NULL, NULL, NULL, 0),
(67, 'load', 'http://localhost/administrator/action/manmodul_load', '{\"draw\":\"1\",\"columns\":[{\"data\":\"id\",\"name\":\"\",\"searchable\":\"true\",\"orderable\":\"false\",\"search\":{\"value\":\"\",\"regex\":\"false\"}},{\"data\":\"module_name\",\"name\":\"\",\"searchable\":\"true\",\"orderable\":\"true\",\"search\":{\"value\":\"\",\"regex\":\"false\"}},{\"data\":\"module_url\",\"name\":\"\",\"searchable\":\"true\",\"orderable\":\"true\",\"search\":{\"value\":\"\",\"regex\":\"false\"}},{\"data\":\"id\",\"name\":\"\",\"searchable\":\"true\",\"orderable\":\"false\",\"search\":{\"value\":\"\",\"regex\":\"false\"}}],\"order\":[{\"column\":\"0\",\"dir\":\"asc\",\"name\":\"\"}],\"start\":\"0\",\"length\":\"10\",\"search\":{\"value\":\"\",\"regex\":\"false\"},\"filter\":\"\",\"csrf_cookie_name\":\"64041ca24d4eff67853d041132f5cbf8\",\"debug-bar-state\":\"open\",\"ci_session\":\"fb1cc8241969cabb2fd9d96ae0a62090\"}', 'Akses Diberikan', 'UNKNOWN', 'Mozilla/5.0 (Macintosh; Intel Mac OS X 10_15_7) AppleWebKit/537.36 (KHTML, like Gecko) Chrome/141.0.', 2, '2025-10-10 06:46:59', NULL, NULL, NULL, 0),
(68, 'load', 'http://localhost/administrator/action/manmodul_load', '{\"draw\":\"1\",\"columns\":[{\"data\":\"id\",\"name\":\"\",\"searchable\":\"true\",\"orderable\":\"false\",\"search\":{\"value\":\"\",\"regex\":\"false\"}},{\"data\":\"module_name\",\"name\":\"\",\"searchable\":\"true\",\"orderable\":\"true\",\"search\":{\"value\":\"\",\"regex\":\"false\"}},{\"data\":\"module_url\",\"name\":\"\",\"searchable\":\"true\",\"orderable\":\"true\",\"search\":{\"value\":\"\",\"regex\":\"false\"}},{\"data\":\"id\",\"name\":\"\",\"searchable\":\"true\",\"orderable\":\"false\",\"search\":{\"value\":\"\",\"regex\":\"false\"}}],\"order\":[{\"column\":\"0\",\"dir\":\"asc\",\"name\":\"\"}],\"start\":\"0\",\"length\":\"10\",\"search\":{\"value\":\"\",\"regex\":\"false\"},\"filter\":\"\",\"debug-bar-state\":\"open\",\"ci_session\":\"fb1cc8241969cabb2fd9d96ae0a62090\",\"csrf_cookie_name\":\"005485180d558bc6e49839bf4dbc5073\"}', 'Akses Diberikan', 'UNKNOWN', 'Mozilla/5.0 (Macintosh; Intel Mac OS X 10_15_7) AppleWebKit/537.36 (KHTML, like Gecko) Chrome/141.0.', 2, '2025-10-10 06:50:16', NULL, NULL, NULL, 0),
(69, 'load', 'http://localhost/administrator/action/manmodul_load', '{\"draw\":\"1\",\"columns\":[{\"data\":\"id\",\"name\":\"\",\"searchable\":\"true\",\"orderable\":\"false\",\"search\":{\"value\":\"\",\"regex\":\"false\"}},{\"data\":\"module_name\",\"name\":\"\",\"searchable\":\"true\",\"orderable\":\"true\",\"search\":{\"value\":\"\",\"regex\":\"false\"}},{\"data\":\"module_url\",\"name\":\"\",\"searchable\":\"true\",\"orderable\":\"true\",\"search\":{\"value\":\"\",\"regex\":\"false\"}},{\"data\":\"id\",\"name\":\"\",\"searchable\":\"true\",\"orderable\":\"false\",\"search\":{\"value\":\"\",\"regex\":\"false\"}}],\"order\":[{\"column\":\"0\",\"dir\":\"asc\",\"name\":\"\"}],\"start\":\"0\",\"length\":\"10\",\"search\":{\"value\":\"\",\"regex\":\"false\"},\"filter\":\"\",\"debug-bar-state\":\"open\",\"ci_session\":\"fb1cc8241969cabb2fd9d96ae0a62090\",\"csrf_cookie_name\":\"005485180d558bc6e49839bf4dbc5073\"}', 'Akses Diberikan', 'UNKNOWN', 'Mozilla/5.0 (Macintosh; Intel Mac OS X 10_15_7) AppleWebKit/537.36 (KHTML, like Gecko) Chrome/141.0.', 2, '2025-10-10 06:50:55', NULL, NULL, NULL, 0),
(70, 'load', 'http://localhost/administrator/action/manmodul_load', '{\"draw\":\"1\",\"columns\":[{\"data\":\"id\",\"name\":\"\",\"searchable\":\"true\",\"orderable\":\"false\",\"search\":{\"value\":\"\",\"regex\":\"false\"}},{\"data\":\"module_name\",\"name\":\"\",\"searchable\":\"true\",\"orderable\":\"true\",\"search\":{\"value\":\"\",\"regex\":\"false\"}},{\"data\":\"module_url\",\"name\":\"\",\"searchable\":\"true\",\"orderable\":\"true\",\"search\":{\"value\":\"\",\"regex\":\"false\"}},{\"data\":\"id\",\"name\":\"\",\"searchable\":\"true\",\"orderable\":\"false\",\"search\":{\"value\":\"\",\"regex\":\"false\"}}],\"order\":[{\"column\":\"0\",\"dir\":\"asc\",\"name\":\"\"}],\"start\":\"0\",\"length\":\"10\",\"search\":{\"value\":\"\",\"regex\":\"false\"},\"filter\":\"\",\"debug-bar-state\":\"open\",\"ci_session\":\"fb1cc8241969cabb2fd9d96ae0a62090\",\"csrf_cookie_name\":\"005485180d558bc6e49839bf4dbc5073\"}', 'Akses Diberikan', 'UNKNOWN', 'Mozilla/5.0 (Macintosh; Intel Mac OS X 10_15_7) AppleWebKit/537.36 (KHTML, like Gecko) Chrome/141.0.', 2, '2025-10-10 06:51:13', NULL, NULL, NULL, 0),
(71, 'load', 'http://localhost/administrator/action/manmodul_load', '{\"draw\":\"1\",\"columns\":[{\"data\":\"id\",\"name\":\"\",\"searchable\":\"true\",\"orderable\":\"false\",\"search\":{\"value\":\"\",\"regex\":\"false\"}},{\"data\":\"module_name\",\"name\":\"\",\"searchable\":\"true\",\"orderable\":\"true\",\"search\":{\"value\":\"\",\"regex\":\"false\"}},{\"data\":\"module_url\",\"name\":\"\",\"searchable\":\"true\",\"orderable\":\"true\",\"search\":{\"value\":\"\",\"regex\":\"false\"}},{\"data\":\"id\",\"name\":\"\",\"searchable\":\"true\",\"orderable\":\"false\",\"search\":{\"value\":\"\",\"regex\":\"false\"}}],\"order\":[{\"column\":\"0\",\"dir\":\"asc\",\"name\":\"\"}],\"start\":\"0\",\"length\":\"10\",\"search\":{\"value\":\"\",\"regex\":\"false\"},\"filter\":\"\",\"ci_session\":\"fb1cc8241969cabb2fd9d96ae0a62090\",\"csrf_cookie_name\":\"005485180d558bc6e49839bf4dbc5073\",\"debug-bar-state\":\"minimized\"}', 'Akses Diberikan', 'UNKNOWN', 'Mozilla/5.0 (Macintosh; Intel Mac OS X 10_15_7) AppleWebKit/537.36 (KHTML, like Gecko) Chrome/141.0.', 2, '2025-10-10 06:51:30', NULL, NULL, NULL, 0),
(72, 'load', 'http://localhost/administrator/action/manmodul_load', '{\"draw\":\"1\",\"columns\":[{\"data\":\"id\",\"name\":\"\",\"searchable\":\"true\",\"orderable\":\"false\",\"search\":{\"value\":\"\",\"regex\":\"false\"}},{\"data\":\"module_name\",\"name\":\"\",\"searchable\":\"true\",\"orderable\":\"true\",\"search\":{\"value\":\"\",\"regex\":\"false\"}},{\"data\":\"module_url\",\"name\":\"\",\"searchable\":\"true\",\"orderable\":\"true\",\"search\":{\"value\":\"\",\"regex\":\"false\"}},{\"data\":\"id\",\"name\":\"\",\"searchable\":\"true\",\"orderable\":\"false\",\"search\":{\"value\":\"\",\"regex\":\"false\"}}],\"order\":[{\"column\":\"0\",\"dir\":\"asc\",\"name\":\"\"}],\"start\":\"0\",\"length\":\"10\",\"search\":{\"value\":\"\",\"regex\":\"false\"},\"filter\":\"\",\"ci_session\":\"fb1cc8241969cabb2fd9d96ae0a62090\",\"csrf_cookie_name\":\"005485180d558bc6e49839bf4dbc5073\",\"debug-bar-state\":\"minimized\"}', 'Akses Diberikan', 'UNKNOWN', 'Mozilla/5.0 (Macintosh; Intel Mac OS X 10_15_7) AppleWebKit/537.36 (KHTML, like Gecko) Chrome/141.0.', 2, '2025-10-10 06:51:56', NULL, NULL, NULL, 0);

INSERT INTO `s_menu` (`id`, `menu_name`, `menu_url`, `menu_order`, `module_id`, `menu_id`, `created_at`, `created_by`, `last_edited_at`, `last_edited_by`, `is_deleted`) VALUES
(1, 'Manajemen Modul', 'manmodul', NULL, 1, NULL, '2025-02-14 21:26:57', 1, NULL, NULL, 0),
(2, 'Manajemen Menu', 'manmenu', NULL, 1, NULL, '2025-02-14 21:26:57', 1, NULL, NULL, 0),
(3, 'Manajemen Jenis User', 'manjenisuser', NULL, 1, NULL, '2025-02-14 21:26:57', 1, NULL, NULL, 0),
(4, 'Manajemen User', 'manuser', NULL, 1, NULL, '2025-02-14 21:26:57', 1, NULL, NULL, 0),
(5, 'Manajemen Hak Akses', 'manhakakses', NULL, 1, NULL, '2025-02-14 21:26:57', 1, NULL, NULL, 0),
(6, 'Manajemen Wilayah', '#', NULL, 1, NULL, '2025-02-14 21:26:57', 1, NULL, NULL, 0),
(7, 'Master Provinsi', 'manprov', NULL, 1, 6, '2025-02-14 21:26:57', 1, '2025-10-10 04:55:28', 1, 1),
(8, 'Master Kabupaten/Kota', 'mankabkota', NULL, 1, 6, '2025-02-14 21:26:57', 1, '2025-10-10 04:55:25', 1, 1),
(9, 'Master Kecamatan', 'mankec', NULL, 1, 6, '2025-02-14 21:26:57', 1, '2025-10-10 04:55:18', 1, 1),
(10, 'Master Kelurahan', 'mankel', NULL, 1, 6, '2025-02-14 21:26:57', 1, '2025-10-10 04:54:18', 1, 1);

INSERT INTO `s_module` (`id`, `module_name`, `module_url`, `module_order`, `created_at`, `created_by`, `last_edited_at`, `last_edited_by`, `is_deleted`) VALUES
(1, 'Administrator', 'administrator', 1, '2025-02-14 21:17:31', 1, NULL, NULL, 0);

INSERT INTO `s_user_web_privilege` (`id`, `menu_id`, `user_web_role_id`, `v`, `i`, `e`, `d`, `o`, `created_at`, `created_by`, `last_edited_at`, `last_edited_by`, `is_deleted`) VALUES
(1, 1, 1, '1', '1', '1', '1', '1', '2025-02-14 21:31:26', 1, '2025-02-14 21:36:53', 1, 0),
(2, 2, 1, '1', '1', '1', '1', '1', '2025-02-14 21:31:26', 1, '2025-02-14 21:36:53', 1, 0),
(3, 3, 1, '1', '1', '1', '1', '1', '2025-02-14 21:31:26', 1, '2025-02-14 21:36:53', 1, 0),
(4, 4, 1, '1', '1', '1', '1', '1', '2025-02-14 21:31:26', 1, '2025-02-14 21:36:53', 1, 0),
(5, 5, 1, '1', '1', '1', '1', '1', '2025-02-14 21:31:26', 1, '2025-02-14 21:36:53', 1, 0),
(6, 7, 1, '1', '1', '1', '1', '1', '2025-02-14 21:36:53', 1, NULL, NULL, 0),
(7, 8, 1, '1', '1', '1', '1', '1', '2025-02-14 21:36:53', 1, NULL, NULL, 0),
(8, 9, 1, '1', '1', '1', '1', '1', '2025-02-14 21:36:53', 1, NULL, NULL, 0),
(9, 10, 1, '1', '1', '1', '1', '1', '2025-02-14 21:36:53', 1, NULL, NULL, 0);

INSERT INTO `s_user_web_role` (`id`, `parent_role_id`, `user_web_role_name`, `user_web_role_code`, `user_web_role_sort`, `created_at`, `created_by`, `last_edited_at`, `last_edited_by`, `is_deleted`) VALUES
(1, NULL, 'Super Admin', 'sad', NULL, '2025-02-14 21:14:52', 1, NULL, NULL, 0),
(2, NULL, 'Member', 'mmbr', NULL, '2025-10-10 06:22:32', 2, '2025-10-10 06:24:29', 2, 0);



/*!40101 SET SQL_MODE=@OLD_SQL_MODE */;
/*!40014 SET FOREIGN_KEY_CHECKS=@OLD_FOREIGN_KEY_CHECKS */;
/*!40014 SET UNIQUE_CHECKS=@OLD_UNIQUE_CHECKS */;
/*!40101 SET CHARACTER_SET_CLIENT=@OLD_CHARACTER_SET_CLIENT */;
/*!40101 SET CHARACTER_SET_RESULTS=@OLD_CHARACTER_SET_RESULTS */;
/*!40101 SET COLLATION_CONNECTION=@OLD_COLLATION_CONNECTION */;
/*!40111 SET SQL_NOTES=@OLD_SQL_NOTES */;